trial_id,avg_test_load,time_this_iter_s,done,timesteps_total,episodes_total,training_iteration,experiment_id,date,timestamp,time_total_s,pid,hostname,node_ip,time_since_restore,timesteps_since_restore,iterations_since_restore,experiment_tag,config.n,config.m,config.reward,config.test_runs,config.report_frequency,config.episodes,config.epsilon,config.alpha,config.initial_q_value,config.version
6142c_00000,3.8966666666666665,0.007999658584594727,True,,,1,318a09cc03274f7ebe3c1a3d4be87399,2021-11-07_02-21-13,1636251673,0.007999658584594727,19236,LAPTOP-HOHBRLK7,10.249.178.82,0.007999658584594727,0,1,"0_alpha=0.2,episodes=30,epsilon=0,initial_q_value=0,version=Q",10,20,<built-in function max>,300,30,30,0.0,0.2,0,Q
6142c_00001,3.8266666666666667,0.009999513626098633,True,,,1,93cb14fccf574c7c81b79c32b4513d38,2021-11-07_02-21-14,1636251674,0.009999513626098633,19236,LAPTOP-HOHBRLK7,10.249.178.82,0.009999513626098633,0,1,"1_alpha=0.4,episodes=30,epsilon=0,initial_q_value=0,version=Q",10,20,<built-in function max>,300,30,30,0.0,0.4,0,Q
6142c_00002,3.92,0.00699925422668457,True,,,1,359c9a7f814445aa95bbd505b230649d,2021-11-07_02-21-14,1636251674,0.00699925422668457,19236,LAPTOP-HOHBRLK7,10.249.178.82,0.00699925422668457,0,1,"2_alpha=0.6,episodes=30,epsilon=0,initial_q_value=0,version=Q",10,20,<built-in function max>,300,30,30,0.0,0.6,0,Q
6142c_00003,3.8433333333333333,0.008013010025024414,True,,,1,09ba4a0f46284d029c4538326f35a4d0,2021-11-07_02-21-14,1636251674,0.008013010025024414,19236,LAPTOP-HOHBRLK7,10.249.178.82,0.008013010025024414,0,1,"3_alpha=0.8,episodes=30,epsilon=0,initial_q_value=0,version=Q",10,20,<built-in function max>,300,30,30,0.0,0.8,0,Q
6142c_00004,4.253333333333333,0.14905333518981934,True,,,10,9ddf6ad0f8934470bdc4f4f1d6f0178b,2021-11-07_02-21-16,1636251676,1.5534048080444336,19236,LAPTOP-HOHBRLK7,10.249.178.82,1.5534048080444336,0,10,"4_alpha=0.2,episodes=300,epsilon=0,initial_q_value=0,version=Q",10,20,<built-in function max>,300,30,300,0.0,0.2,0,Q
6142c_00005,4.1,0.14104437828063965,True,,,10,899c1b2827c449d0aad0ad2e4c043965,2021-11-07_02-21-18,1636251678,1.5388638973236084,19236,LAPTOP-HOHBRLK7,10.249.178.82,1.5388638973236084,0,10,"5_alpha=0.4,episodes=300,epsilon=0,initial_q_value=0,version=Q",10,20,<built-in function max>,300,30,300,0.0,0.4,0,Q
6142c_00006,4.176666666666667,0.14811277389526367,True,,,10,3a50ca0fe42f45dfa22b4d8da52038f1,2021-11-07_02-21-19,1636251679,1.5499961376190186,19236,LAPTOP-HOHBRLK7,10.249.178.82,1.5499961376190186,0,10,"6_alpha=0.6,episodes=300,epsilon=0,initial_q_value=0,version=Q",10,20,<built-in function max>,300,30,300,0.0,0.6,0,Q
6142c_00007,4.23,0.14200091361999512,True,,,10,9c5c8aea04e04f06a9146bf2d9ac8dc9,2021-11-07_02-21-21,1636251681,1.5308263301849365,19236,LAPTOP-HOHBRLK7,10.249.178.82,1.5308263301849365,0,10,"7_alpha=0.8,episodes=300,epsilon=0,initial_q_value=0,version=Q",10,20,<built-in function max>,300,30,300,0.0,0.8,0,Q
6142c_00008,4.0633333333333335,0.14499974250793457,True,,,25,650aa36a84b04f819da47c71779ec003,2021-11-07_02-21-25,1636251685,3.767759084701538,19236,LAPTOP-HOHBRLK7,10.249.178.82,3.767759084701538,0,25,"8_alpha=0.2,episodes=750,epsilon=0,initial_q_value=0,version=Q",10,20,<built-in function max>,300,30,750,0.0,0.2,0,Q
6142c_00009,4.05,0.14696216583251953,True,,,25,f113183ccecf49b7b87e796a215a4ece,2021-11-07_02-21-29,1636251689,3.731224775314331,19236,LAPTOP-HOHBRLK7,10.249.178.82,3.731224775314331,0,25,"9_alpha=0.4,episodes=750,epsilon=0,initial_q_value=0,version=Q",10,20,<built-in function max>,300,30,750,0.0,0.4,0,Q
6142c_00010,4.15,0.14404606819152832,True,,,25,f064714873974411be5d57214fb15104,2021-11-07_02-21-33,1636251693,3.859691858291626,19236,LAPTOP-HOHBRLK7,10.249.178.82,3.859691858291626,0,25,"10_alpha=0.6,episodes=750,epsilon=0,initial_q_value=0,version=Q",10,20,<built-in function max>,300,30,750,0.0,0.6,0,Q
6142c_00011,4.083333333333333,0.14568781852722168,True,,,25,e06cdbf41d57477c8fa8e902ff85718f,2021-11-07_02-21-37,1636251697,3.7871787548065186,19236,LAPTOP-HOHBRLK7,10.249.178.82,3.7871787548065186,0,25,"11_alpha=0.8,episodes=750,epsilon=0,initial_q_value=0,version=Q",10,20,<built-in function max>,300,30,750,0.0,0.8,0,Q
6142c_00012,4.0633333333333335,0.14708757400512695,True,,,100,4989f69c2193478b850104e9fad203d9,2021-11-07_02-21-52,1636251712,14.993428945541382,19236,LAPTOP-HOHBRLK7,10.249.178.82,14.993428945541382,0,100,"12_alpha=0.2,episodes=3000,epsilon=0,initial_q_value=0,version=Q",10,20,<built-in function max>,300,30,3000,0.0,0.2,0,Q
6142c_00013,3.933333333333333,0.1439220905303955,True,,,100,c239305c540943068d223f02c7981d13,2021-11-07_02-22-07,1636251727,15.346257448196411,19236,LAPTOP-HOHBRLK7,10.249.178.82,15.346257448196411,0,100,"13_alpha=0.4,episodes=3000,epsilon=0,initial_q_value=0,version=Q",10,20,<built-in function max>,300,30,3000,0.0,0.4,0,Q
6142c_00014,3.95,0.16056513786315918,True,,,100,185f3d2452aa4c678a2809e680067949,2021-11-07_02-22-23,1636251743,15.460647821426392,19236,LAPTOP-HOHBRLK7,10.249.178.82,15.460647821426392,0,100,"14_alpha=0.6,episodes=3000,epsilon=0,initial_q_value=0,version=Q",10,20,<built-in function max>,300,30,3000,0.0,0.6,0,Q
6142c_00015,3.94,0.1549980640411377,True,,,100,dde63b3ad658468cafd1395ff4133b05,2021-11-07_02-22-38,1636251758,15.036020278930664,19236,LAPTOP-HOHBRLK7,10.249.178.82,15.036020278930664,0,100,"15_alpha=0.8,episodes=3000,epsilon=0,initial_q_value=0,version=Q",10,20,<built-in function max>,300,30,3000,0.0,0.8,0,Q
6142c_00016,3.8366666666666664,0.006997346878051758,True,,,1,9fcf3c1dcbf4499fb70ee00b6cf779b3,2021-11-07_02-22-38,1636251758,0.006997346878051758,19236,LAPTOP-HOHBRLK7,10.249.178.82,0.006997346878051758,0,1,"16_alpha=0.2,episodes=30,epsilon=0.05,initial_q_value=0,version=Q",10,20,<built-in function max>,300,30,30,0.05,0.2,0,Q
6142c_00017,3.816666666666667,0.00703740119934082,True,,,1,319a7c2aaa5140789bdb67d0d6ec42ca,2021-11-07_02-22-39,1636251759,0.00703740119934082,19236,LAPTOP-HOHBRLK7,10.249.178.82,0.00703740119934082,0,1,"17_alpha=0.4,episodes=30,epsilon=0.05,initial_q_value=0,version=Q",10,20,<built-in function max>,300,30,30,0.05,0.4,0,Q
6142c_00018,3.993333333333333,0.006998538970947266,True,,,1,1500e72f7cfd41abb529572cf1c40548,2021-11-07_02-22-39,1636251759,0.006998538970947266,19236,LAPTOP-HOHBRLK7,10.249.178.82,0.006998538970947266,0,1,"18_alpha=0.6,episodes=30,epsilon=0.05,initial_q_value=0,version=Q",10,20,<built-in function max>,300,30,30,0.05,0.6,0,Q
6142c_00019,3.94,0.007042407989501953,True,,,1,65627c92dd624539856e798958fca16e,2021-11-07_02-22-39,1636251759,0.007042407989501953,19236,LAPTOP-HOHBRLK7,10.249.178.82,0.007042407989501953,0,1,"19_alpha=0.8,episodes=30,epsilon=0.05,initial_q_value=0,version=Q",10,20,<built-in function max>,300,30,30,0.05,0.8,0,Q
6142c_00020,4.09,0.15399885177612305,True,,,10,7a4f3d81f7d544238a0484d34a95dc0c,2021-11-07_02-22-41,1636251761,1.5712001323699951,19236,LAPTOP-HOHBRLK7,10.249.178.82,1.5712001323699951,0,10,"20_alpha=0.2,episodes=300,epsilon=0.05,initial_q_value=0,version=Q",10,20,<built-in function max>,300,30,300,0.05,0.2,0,Q
6142c_00021,4.126666666666667,0.14299821853637695,True,,,10,11d6f8a7750a450788f072555c92c47f,2021-11-07_02-22-43,1636251763,1.5429253578186035,19236,LAPTOP-HOHBRLK7,10.249.178.82,1.5429253578186035,0,10,"21_alpha=0.4,episodes=300,epsilon=0.05,initial_q_value=0,version=Q",10,20,<built-in function max>,300,30,300,0.05,0.4,0,Q
6142c_00022,4.046666666666667,0.144134521484375,True,,,10,24dc928a19df4f9dadf12cec67ab3962,2021-11-07_02-22-44,1636251764,1.5919380187988281,19236,LAPTOP-HOHBRLK7,10.249.178.82,1.5919380187988281,0,10,"22_alpha=0.6,episodes=300,epsilon=0.05,initial_q_value=0,version=Q",10,20,<built-in function max>,300,30,300,0.05,0.6,0,Q
6142c_00023,4.176666666666667,0.14400410652160645,True,,,10,a1e2a11580d1498881ab0552b1c05d53,2021-11-07_02-22-46,1636251766,1.5779321193695068,19236,LAPTOP-HOHBRLK7,10.249.178.82,1.5779321193695068,0,10,"23_alpha=0.8,episodes=300,epsilon=0.05,initial_q_value=0,version=Q",10,20,<built-in function max>,300,30,300,0.05,0.8,0,Q
6142c_00024,4.093333333333334,0.14913678169250488,True,,,25,53dd27058e654019b16389f116d7d680,2021-11-07_02-22-50,1636251770,3.7876508235931396,19236,LAPTOP-HOHBRLK7,10.249.178.82,3.7876508235931396,0,25,"24_alpha=0.2,episodes=750,epsilon=0.05,initial_q_value=0,version=Q",10,20,<built-in function max>,300,30,750,0.05,0.2,0,Q
6142c_00025,4.14,0.14404892921447754,True,,,25,6a13c735f4a04a3784ded54911ca24c6,2021-11-07_02-22-54,1636251774,3.725288152694702,19236,LAPTOP-HOHBRLK7,10.249.178.82,3.725288152694702,0,25,"25_alpha=0.4,episodes=750,epsilon=0.05,initial_q_value=0,version=Q",10,20,<built-in function max>,300,30,750,0.05,0.4,0,Q
6142c_00026,4.216666666666667,0.14730119705200195,True,,,25,cdd29b45175e433c97f13c746f34964a,2021-11-07_02-22-58,1636251778,3.76066517829895,19236,LAPTOP-HOHBRLK7,10.249.178.82,3.76066517829895,0,25,"26_alpha=0.6,episodes=750,epsilon=0.05,initial_q_value=0,version=Q",10,20,<built-in function max>,300,30,750,0.05,0.6,0,Q
6142c_00027,4.16,0.14199519157409668,True,,,25,2ec75606d6014b1696951c319f24c3c9,2021-11-07_02-23-02,1636251782,3.7684426307678223,19236,LAPTOP-HOHBRLK7,10.249.178.82,3.7684426307678223,0,25,"27_alpha=0.8,episodes=750,epsilon=0.05,initial_q_value=0,version=Q",10,20,<built-in function max>,300,30,750,0.05,0.8,0,Q
6142c_00028,4.253333333333333,0.14204692840576172,True,,,100,e4e04311cc244a8c833ee4e62ec0e92d,2021-11-07_02-23-17,1636251797,14.984496593475342,19236,LAPTOP-HOHBRLK7,10.249.178.82,14.984496593475342,0,100,"28_alpha=0.2,episodes=3000,epsilon=0.05,initial_q_value=0,version=Q",10,20,<built-in function max>,300,30,3000,0.05,0.2,0,Q
6142c_00029,3.9766666666666666,0.14300155639648438,True,,,100,1517a29f0c2d4b5685c3a1869cc5a470,2021-11-07_02-23-32,1636251812,14.719265937805176,19236,LAPTOP-HOHBRLK7,10.249.178.82,14.719265937805176,0,100,"29_alpha=0.4,episodes=3000,epsilon=0.05,initial_q_value=0,version=Q",10,20,<built-in function max>,300,30,3000,0.05,0.4,0,Q
6142c_00030,4.236666666666666,0.14300107955932617,True,,,100,e5162c2de4f34e3da903eff552beda55,2021-11-07_02-23-47,1636251827,14.980556726455688,19236,LAPTOP-HOHBRLK7,10.249.178.82,14.980556726455688,0,100,"30_alpha=0.6,episodes=3000,epsilon=0.05,initial_q_value=0,version=Q",10,20,<built-in function max>,300,30,3000,0.05,0.6,0,Q
6142c_00031,4.343333333333334,0.14800095558166504,True,,,100,fca6fac2111f48eb8e7a305b0120e8a4,2021-11-07_02-24-02,1636251842,14.643137693405151,19236,LAPTOP-HOHBRLK7,10.249.178.82,14.643137693405151,0,100,"31_alpha=0.8,episodes=3000,epsilon=0.05,initial_q_value=0,version=Q",10,20,<built-in function max>,300,30,3000,0.05,0.8,0,Q
6142c_00032,3.84,0.006002187728881836,True,,,1,3d3e913f70dc4e4e961835ee1fd10761,2021-11-07_02-24-02,1636251842,0.006002187728881836,19236,LAPTOP-HOHBRLK7,10.249.178.82,0.006002187728881836,0,1,"32_alpha=0.2,episodes=30,epsilon=0.1,initial_q_value=0,version=Q",10,20,<built-in function max>,300,30,30,0.1,0.2,0,Q
6142c_00033,3.8933333333333335,0.0069997310638427734,True,,,1,6a18d008b1054082be3ca67dfab3ad02,2021-11-07_02-24-02,1636251842,0.0069997310638427734,19236,LAPTOP-HOHBRLK7,10.249.178.82,0.0069997310638427734,0,1,"33_alpha=0.4,episodes=30,epsilon=0.1,initial_q_value=0,version=Q",10,20,<built-in function max>,300,30,30,0.1,0.4,0,Q
6142c_00034,3.87,0.0069997310638427734,True,,,1,84e5256cc1ed4bffa96d5c75007e6587,2021-11-07_02-24-02,1636251842,0.0069997310638427734,19236,LAPTOP-HOHBRLK7,10.249.178.82,0.0069997310638427734,0,1,"34_alpha=0.6,episodes=30,epsilon=0.1,initial_q_value=0,version=Q",10,20,<built-in function max>,300,30,30,0.1,0.6,0,Q
6142c_00035,3.8666666666666667,0.007002353668212891,True,,,1,038abcf2190540939f3833f7dbf90484,2021-11-07_02-24-03,1636251843,0.007002353668212891,19236,LAPTOP-HOHBRLK7,10.249.178.82,0.007002353668212891,0,1,"35_alpha=0.8,episodes=30,epsilon=0.1,initial_q_value=0,version=Q",10,20,<built-in function max>,300,30,30,0.1,0.8,0,Q
6142c_00036,4.183333333333334,0.16889667510986328,True,,,10,c0a5009e705c4d56b9b6a21a82823237,2021-11-07_02-24-04,1636251844,1.594367504119873,19236,LAPTOP-HOHBRLK7,10.249.178.82,1.594367504119873,0,10,"36_alpha=0.2,episodes=300,epsilon=0.1,initial_q_value=0,version=Q",10,20,<built-in function max>,300,30,300,0.1,0.2,0,Q
6142c_00037,4.136666666666667,0.14500212669372559,True,,,10,7abfa90285b341a88e3cec0fb00ff2b2,2021-11-07_02-24-06,1636251846,1.5917797088623047,19236,LAPTOP-HOHBRLK7,10.249.178.82,1.5917797088623047,0,10,"37_alpha=0.4,episodes=300,epsilon=0.1,initial_q_value=0,version=Q",10,20,<built-in function max>,300,30,300,0.1,0.4,0,Q
6142c_00038,4.02,0.14301037788391113,True,,,10,6a987f99d77541868dc6275d2891c565,2021-11-07_02-24-08,1636251848,1.5524671077728271,19236,LAPTOP-HOHBRLK7,10.249.178.82,1.5524671077728271,0,10,"38_alpha=0.6,episodes=300,epsilon=0.1,initial_q_value=0,version=Q",10,20,<built-in function max>,300,30,300,0.1,0.6,0,Q
6142c_00039,4.2,0.14595580101013184,True,,,10,cb7a3d31c55c402ca7f80b682ae7c182,2021-11-07_02-24-10,1636251850,1.5662915706634521,19236,LAPTOP-HOHBRLK7,10.249.178.82,1.5662915706634521,0,10,"39_alpha=0.8,episodes=300,epsilon=0.1,initial_q_value=0,version=Q",10,20,<built-in function max>,300,30,300,0.1,0.8,0,Q
6142c_00040,4.216666666666667,0.1450188159942627,True,,,25,cea667471d4745c7be84112e957ce092,2021-11-07_02-24-14,1636251854,3.777509927749634,19236,LAPTOP-HOHBRLK7,10.249.178.82,3.777509927749634,0,25,"40_alpha=0.2,episodes=750,epsilon=0.1,initial_q_value=0,version=Q",10,20,<built-in function max>,300,30,750,0.1,0.2,0,Q
6142c_00041,4.026666666666666,0.14774036407470703,True,,,25,1c521d8bf6a44308af4f65d057366039,2021-11-07_02-24-18,1636251858,3.7597570419311523,19236,LAPTOP-HOHBRLK7,10.249.178.82,3.7597570419311523,0,25,"41_alpha=0.4,episodes=750,epsilon=0.1,initial_q_value=0,version=Q",10,20,<built-in function max>,300,30,750,0.1,0.4,0,Q
6142c_00042,4.04,0.1445605754852295,True,,,25,5052a49f7ebe4a709bcffc570de600b3,2021-11-07_02-24-21,1636251861,3.7711644172668457,19236,LAPTOP-HOHBRLK7,10.249.178.82,3.7711644172668457,0,25,"42_alpha=0.6,episodes=750,epsilon=0.1,initial_q_value=0,version=Q",10,20,<built-in function max>,300,30,750,0.1,0.6,0,Q
6142c_00043,4.133333333333334,0.16899394989013672,True,,,25,32e47a1c8cec455790f4fca328ccb567,2021-11-07_02-24-25,1636251865,3.7480626106262207,19236,LAPTOP-HOHBRLK7,10.249.178.82,3.7480626106262207,0,25,"43_alpha=0.8,episodes=750,epsilon=0.1,initial_q_value=0,version=Q",10,20,<built-in function max>,300,30,750,0.1,0.8,0,Q
6142c_00044,3.953333333333333,0.15076160430908203,True,,,100,f0f076e1852441788979bcdc4e57b54a,2021-11-07_02-24-41,1636251881,15.214433431625366,19236,LAPTOP-HOHBRLK7,10.249.178.82,15.214433431625366,0,100,"44_alpha=0.2,episodes=3000,epsilon=0.1,initial_q_value=0,version=Q",10,20,<built-in function max>,300,30,3000,0.1,0.2,0,Q
6142c_00045,4.246666666666667,0.14674830436706543,True,,,100,2df28b97c6bd40c5974174f8d0de5b86,2021-11-07_02-24-56,1636251896,14.61849308013916,19236,LAPTOP-HOHBRLK7,10.249.178.82,14.61849308013916,0,100,"45_alpha=0.4,episodes=3000,epsilon=0.1,initial_q_value=0,version=Q",10,20,<built-in function max>,300,30,3000,0.1,0.4,0,Q
6142c_00046,4.196666666666666,0.14799261093139648,True,,,100,b12735bcbcfc4b47a232acc65d2b0307,2021-11-07_02-25-11,1636251911,15.117015361785889,19236,LAPTOP-HOHBRLK7,10.249.178.82,15.117015361785889,0,100,"46_alpha=0.6,episodes=3000,epsilon=0.1,initial_q_value=0,version=Q",10,20,<built-in function max>,300,30,3000,0.1,0.6,0,Q
6142c_00047,4.083333333333333,0.14298582077026367,True,,,100,e52d2c80c83d41708dd4062be7bd052e,2021-11-07_02-25-26,1636251926,14.76546859741211,19236,LAPTOP-HOHBRLK7,10.249.178.82,14.76546859741211,0,100,"47_alpha=0.8,episodes=3000,epsilon=0.1,initial_q_value=0,version=Q",10,20,<built-in function max>,300,30,3000,0.1,0.8,0,Q
6142c_00048,3.8666666666666667,0.0069658756256103516,True,,,1,6f111e7d55054664bd417be90ab5fcf3,2021-11-07_02-25-26,1636251926,0.0069658756256103516,19236,LAPTOP-HOHBRLK7,10.249.178.82,0.0069658756256103516,0,1,"48_alpha=0.2,episodes=30,epsilon=0.3,initial_q_value=0,version=Q",10,20,<built-in function max>,300,30,30,0.3,0.2,0,Q
6142c_00049,3.9066666666666667,0.009039163589477539,True,,,1,ee6fd4dbe096402cbc8e6b19b54825e1,2021-11-07_02-25-26,1636251926,0.009039163589477539,19236,LAPTOP-HOHBRLK7,10.249.178.82,0.009039163589477539,0,1,"49_alpha=0.4,episodes=30,epsilon=0.3,initial_q_value=0,version=Q",10,20,<built-in function max>,300,30,30,0.3,0.4,0,Q
6142c_00050,3.8133333333333335,0.006999015808105469,True,,,1,05dacbdd8ee243528530b5ac11b2b126,2021-11-07_02-25-26,1636251926,0.006999015808105469,19236,LAPTOP-HOHBRLK7,10.249.178.82,0.006999015808105469,0,1,"50_alpha=0.6,episodes=30,epsilon=0.3,initial_q_value=0,version=Q",10,20,<built-in function max>,300,30,30,0.3,0.6,0,Q
6142c_00051,3.88,0.005997657775878906,True,,,1,6379574ad37e49c5b161faf6fae57fd5,2021-11-07_02-25-27,1636251927,0.005997657775878906,19236,LAPTOP-HOHBRLK7,10.249.178.82,0.005997657775878906,0,1,"51_alpha=0.8,episodes=30,epsilon=0.3,initial_q_value=0,version=Q",10,20,<built-in function max>,300,30,30,0.3,0.8,0,Q
6142c_00052,4.18,0.14404511451721191,True,,,10,f3cf3983409649ce9791dc52e5938943,2021-11-07_02-25-28,1636251928,1.6053264141082764,19236,LAPTOP-HOHBRLK7,10.249.178.82,1.6053264141082764,0,10,"52_alpha=0.2,episodes=300,epsilon=0.3,initial_q_value=0,version=Q",10,20,<built-in function max>,300,30,300,0.3,0.2,0,Q
6142c_00053,4.183333333333334,0.14263129234313965,True,,,10,43031e768942438fb7942065a3ae02c5,2021-11-07_02-25-30,1636251930,1.587850570678711,19236,LAPTOP-HOHBRLK7,10.249.178.82,1.587850570678711,0,10,"53_alpha=0.4,episodes=300,epsilon=0.3,initial_q_value=0,version=Q",10,20,<built-in function max>,300,30,300,0.3,0.4,0,Q
6142c_00054,4.14,0.14398765563964844,True,,,10,d2ebec8ea9ac47929cf7414d43ab1b08,2021-11-07_02-25-32,1636251932,1.5963325500488281,19236,LAPTOP-HOHBRLK7,10.249.178.82,1.5963325500488281,0,10,"54_alpha=0.6,episodes=300,epsilon=0.3,initial_q_value=0,version=Q",10,20,<built-in function max>,300,30,300,0.3,0.6,0,Q
6142c_00055,4.26,0.14304709434509277,True,,,10,39ffa072f9b847469e42ca51033c5520,2021-11-07_02-25-34,1636251934,1.589536190032959,19236,LAPTOP-HOHBRLK7,10.249.178.82,1.589536190032959,0,10,"55_alpha=0.8,episodes=300,epsilon=0.3,initial_q_value=0,version=Q",10,20,<built-in function max>,300,30,300,0.3,0.8,0,Q
6142c_00056,4.08,0.14684033393859863,True,,,25,728f35d0e0364bfeb75567e76c8ae5bb,2021-11-07_02-25-38,1636251938,3.873958110809326,19236,LAPTOP-HOHBRLK7,10.249.178.82,3.873958110809326,0,25,"56_alpha=0.2,episodes=750,epsilon=0.3,initial_q_value=0,version=Q",10,20,<built-in function max>,300,30,750,0.3,0.2,0,Q
6142c_00057,4.093333333333334,0.14600014686584473,True,,,25,0cfcd69c59e04c4298be0c0d51e018f1,2021-11-07_02-25-42,1636251942,3.7647862434387207,19236,LAPTOP-HOHBRLK7,10.249.178.82,3.7647862434387207,0,25,"57_alpha=0.4,episodes=750,epsilon=0.3,initial_q_value=0,version=Q",10,20,<built-in function max>,300,30,750,0.3,0.4,0,Q
6142c_00058,4.253333333333333,0.1544954776763916,True,,,25,2a935e9facd44e52b79c4039f945e87a,2021-11-07_02-25-46,1636251946,3.8172380924224854,19236,LAPTOP-HOHBRLK7,10.249.178.82,3.8172380924224854,0,25,"58_alpha=0.6,episodes=750,epsilon=0.3,initial_q_value=0,version=Q",10,20,<built-in function max>,300,30,750,0.3,0.6,0,Q
6142c_00059,4.1866666666666665,0.1449582576751709,True,,,25,8803d5c7cad942d893d71e7e504f4794,2021-11-07_02-25-50,1636251950,3.7921433448791504,19236,LAPTOP-HOHBRLK7,10.249.178.82,3.7921433448791504,0,25,"59_alpha=0.8,episodes=750,epsilon=0.3,initial_q_value=0,version=Q",10,20,<built-in function max>,300,30,750,0.3,0.8,0,Q
6142c_00060,4.036666666666667,0.1665496826171875,True,,,100,b98ede8d07094990811f2880b02212f6,2021-11-07_02-26-05,1636251965,15.103492498397827,19236,LAPTOP-HOHBRLK7,10.249.178.82,15.103492498397827,0,100,"60_alpha=0.2,episodes=3000,epsilon=0.3,initial_q_value=0,version=Q",10,20,<built-in function max>,300,30,3000,0.3,0.2,0,Q
6142c_00061,4.41,0.14836478233337402,True,,,100,02adc5286c4f423f9bd60eaa2f53442e,2021-11-07_02-26-20,1636251980,14.735208988189697,19236,LAPTOP-HOHBRLK7,10.249.178.82,14.735208988189697,0,100,"61_alpha=0.4,episodes=3000,epsilon=0.3,initial_q_value=0,version=Q",10,20,<built-in function max>,300,30,3000,0.3,0.4,0,Q
6142c_00062,4.1,0.17899799346923828,True,,,100,a92c399170634c3fa95c268daa2dc142,2021-11-07_02-26-36,1636251996,16.08524990081787,19236,LAPTOP-HOHBRLK7,10.249.178.82,16.08524990081787,0,100,"62_alpha=0.6,episodes=3000,epsilon=0.3,initial_q_value=0,version=Q",10,20,<built-in function max>,300,30,3000,0.3,0.6,0,Q
6142c_00063,4.226666666666667,0.14599919319152832,True,,,100,5854d2e1cbc34217b356c196c7f18f8f,2021-11-07_02-26-54,1636252014,18.04500436782837,19236,LAPTOP-HOHBRLK7,10.249.178.82,18.04500436782837,0,100,"63_alpha=0.8,episodes=3000,epsilon=0.3,initial_q_value=0,version=Q",10,20,<built-in function max>,300,30,3000,0.3,0.8,0,Q
6142c_00064,3.95,0.0070018768310546875,True,,,1,1b123447ba6e403f9f36e9d73e1e745b,2021-11-07_02-26-54,1636252014,0.0070018768310546875,19236,LAPTOP-HOHBRLK7,10.249.178.82,0.0070018768310546875,0,1,"64_alpha=0.2,episodes=30,epsilon=0,initial_q_value=21,version=Q",10,20,<built-in function max>,300,30,30,0.0,0.2,21,Q
6142c_00065,3.98,0.007988452911376953,True,,,1,873ef297dc1942f1bafd0dd31bb28d72,2021-11-07_02-26-55,1636252015,0.007988452911376953,19236,LAPTOP-HOHBRLK7,10.249.178.82,0.007988452911376953,0,1,"65_alpha=0.4,episodes=30,epsilon=0,initial_q_value=21,version=Q",10,20,<built-in function max>,300,30,30,0.0,0.4,21,Q
6142c_00066,3.9,0.007969141006469727,True,,,1,0823949e178e44a089800da0d7685124,2021-11-07_02-26-55,1636252015,0.007969141006469727,19236,LAPTOP-HOHBRLK7,10.249.178.82,0.007969141006469727,0,1,"66_alpha=0.6,episodes=30,epsilon=0,initial_q_value=21,version=Q",10,20,<built-in function max>,300,30,30,0.0,0.6,21,Q
6142c_00067,3.96,0.0069942474365234375,True,,,1,0fa6d075b2e54792b7ceabea930e818b,2021-11-07_02-26-55,1636252015,0.0069942474365234375,19236,LAPTOP-HOHBRLK7,10.249.178.82,0.0069942474365234375,0,1,"67_alpha=0.8,episodes=30,epsilon=0,initial_q_value=21,version=Q",10,20,<built-in function max>,300,30,30,0.0,0.8,21,Q
6142c_00068,3.9033333333333333,0.21700000762939453,True,,,10,736a440ddf6243e398de1dbd236a0718,2021-11-07_02-26-57,1636252017,1.9814364910125732,19236,LAPTOP-HOHBRLK7,10.249.178.82,1.9814364910125732,0,10,"68_alpha=0.2,episodes=300,epsilon=0,initial_q_value=21,version=Q",10,20,<built-in function max>,300,30,300,0.0,0.2,21,Q
6142c_00069,3.9133333333333336,0.21200180053710938,True,,,10,565c4777b1f243a1b34eaa365a449655,2021-11-07_02-26-59,1636252019,1.9061551094055176,19236,LAPTOP-HOHBRLK7,10.249.178.82,1.9061551094055176,0,10,"69_alpha=0.4,episodes=300,epsilon=0,initial_q_value=21,version=Q",10,20,<built-in function max>,300,30,300,0.0,0.4,21,Q
6142c_00070,3.9033333333333333,0.20434165000915527,True,,,10,5af136063d1f4c68808b3b4e9233571b,2021-11-07_02-27-02,1636252022,1.9308335781097412,19236,LAPTOP-HOHBRLK7,10.249.178.82,1.9308335781097412,0,10,"70_alpha=0.6,episodes=300,epsilon=0,initial_q_value=21,version=Q",10,20,<built-in function max>,300,30,300,0.0,0.6,21,Q
6142c_00071,3.9466666666666668,0.20504474639892578,True,,,10,1512bafcb4224cc48cab8a18f8e64d6e,2021-11-07_02-27-04,1636252024,1.893256425857544,19236,LAPTOP-HOHBRLK7,10.249.178.82,1.893256425857544,0,10,"71_alpha=0.8,episodes=300,epsilon=0,initial_q_value=21,version=Q",10,20,<built-in function max>,300,30,300,0.0,0.8,21,Q
6142c_00072,3.9066666666666667,0.2092287540435791,True,,,25,a0af43e361844bc18fa9d412172fc415,2021-11-07_02-27-09,1636252029,5.14112114906311,19236,LAPTOP-HOHBRLK7,10.249.178.82,5.14112114906311,0,25,"72_alpha=0.2,episodes=750,epsilon=0,initial_q_value=21,version=Q",10,20,<built-in function max>,300,30,750,0.0,0.2,21,Q
6142c_00073,3.94,0.20900893211364746,True,,,25,36598c8a781246fcb5c865b0372fec5a,2021-11-07_02-27-14,1636252034,4.979446649551392,19236,LAPTOP-HOHBRLK7,10.249.178.82,4.979446649551392,0,25,"73_alpha=0.4,episodes=750,epsilon=0,initial_q_value=21,version=Q",10,20,<built-in function max>,300,30,750,0.0,0.4,21,Q
6142c_00074,3.95,0.20902109146118164,True,,,25,3e27feb0d8ac492e979cb293bf806f27,2021-11-07_02-27-19,1636252039,5.058249473571777,19236,LAPTOP-HOHBRLK7,10.249.178.82,5.058249473571777,0,25,"74_alpha=0.6,episodes=750,epsilon=0,initial_q_value=21,version=Q",10,20,<built-in function max>,300,30,750,0.0,0.6,21,Q
6142c_00075,3.8866666666666667,0.204573392868042,True,,,25,02cb46033eb944fb866e4f9760557afa,2021-11-07_02-27-25,1636252045,5.049099922180176,19236,LAPTOP-HOHBRLK7,10.249.178.82,5.049099922180176,0,25,"75_alpha=0.8,episodes=750,epsilon=0,initial_q_value=21,version=Q",10,20,<built-in function max>,300,30,750,0.0,0.8,21,Q
6142c_00076,3.91,0.21395635604858398,True,,,100,43e17870c659473780a50038341645c8,2021-11-07_02-27-46,1636252066,21.027050256729126,19236,LAPTOP-HOHBRLK7,10.249.178.82,21.027050256729126,0,100,"76_alpha=0.2,episodes=3000,epsilon=0,initial_q_value=21,version=Q",10,20,<built-in function max>,300,30,3000,0.0,0.2,21,Q
6142c_00077,3.92,0.20899486541748047,True,,,100,faeb9b1c1a1f4a039597e770f58764ee,2021-11-07_02-28-07,1636252087,20.550861597061157,19236,LAPTOP-HOHBRLK7,10.249.178.82,20.550861597061157,0,100,"77_alpha=0.4,episodes=3000,epsilon=0,initial_q_value=21,version=Q",10,20,<built-in function max>,300,30,3000,0.0,0.4,21,Q
6142c_00078,3.953333333333333,0.21000027656555176,True,,,100,4ff876ea4f2a453889b084b0ceb0c9df,2021-11-07_02-28-28,1636252108,20.910894870758057,19236,LAPTOP-HOHBRLK7,10.249.178.82,20.910894870758057,0,100,"78_alpha=0.6,episodes=3000,epsilon=0,initial_q_value=21,version=Q",10,20,<built-in function max>,300,30,3000,0.0,0.6,21,Q
6142c_00079,3.953333333333333,0.2129969596862793,True,,,100,6b16d2da2fce43fdbbb18e6a240fd91c,2021-11-07_02-28-49,1636252129,20.712958574295044,19236,LAPTOP-HOHBRLK7,10.249.178.82,20.712958574295044,0,100,"79_alpha=0.8,episodes=3000,epsilon=0,initial_q_value=21,version=Q",10,20,<built-in function max>,300,30,3000,0.0,0.8,21,Q
6142c_00080,3.8833333333333333,0.0070459842681884766,True,,,1,be09d6032acb496a80979e814d7d1d5b,2021-11-07_02-28-49,1636252129,0.0070459842681884766,19236,LAPTOP-HOHBRLK7,10.249.178.82,0.0070459842681884766,0,1,"80_alpha=0.2,episodes=30,epsilon=0.05,initial_q_value=21,version=Q",10,20,<built-in function max>,300,30,30,0.05,0.2,21,Q
6142c_00081,3.9233333333333333,0.0070116519927978516,True,,,1,50733b64f77149f1911d754459bbafc4,2021-11-07_02-28-49,1636252129,0.0070116519927978516,19236,LAPTOP-HOHBRLK7,10.249.178.82,0.0070116519927978516,0,1,"81_alpha=0.4,episodes=30,epsilon=0.05,initial_q_value=21,version=Q",10,20,<built-in function max>,300,30,30,0.05,0.4,21,Q
6142c_00082,3.9166666666666665,0.007036685943603516,True,,,1,651c877f5d4448a1ab19db59e4e48004,2021-11-07_02-28-50,1636252130,0.007036685943603516,19236,LAPTOP-HOHBRLK7,10.249.178.82,0.007036685943603516,0,1,"82_alpha=0.6,episodes=30,epsilon=0.05,initial_q_value=21,version=Q",10,20,<built-in function max>,300,30,30,0.05,0.6,21,Q
6142c_00083,3.9766666666666666,0.0070264339447021484,True,,,1,6defffe51ca34fe0afdf51ee1bcbc6d1,2021-11-07_02-28-50,1636252130,0.0070264339447021484,19236,LAPTOP-HOHBRLK7,10.249.178.82,0.0070264339447021484,0,1,"83_alpha=0.8,episodes=30,epsilon=0.05,initial_q_value=21,version=Q",10,20,<built-in function max>,300,30,30,0.05,0.8,21,Q
6142c_00084,4.043333333333333,0.19699883460998535,True,,,10,337982b01a154552b0480b788bd3a896,2021-11-07_02-28-52,1636252132,1.7382917404174805,19236,LAPTOP-HOHBRLK7,10.249.178.82,1.7382917404174805,0,10,"84_alpha=0.2,episodes=300,epsilon=0.05,initial_q_value=21,version=Q",10,20,<built-in function max>,300,30,300,0.05,0.2,21,Q
6142c_00085,4.003333333333333,0.1971569061279297,True,,,10,b84673bad5c247ad8e2bc00650fda998,2021-11-07_02-28-54,1636252134,1.8273894786834717,19236,LAPTOP-HOHBRLK7,10.249.178.82,1.8273894786834717,0,10,"85_alpha=0.4,episodes=300,epsilon=0.05,initial_q_value=21,version=Q",10,20,<built-in function max>,300,30,300,0.05,0.4,21,Q
6142c_00086,4.01,0.17895293235778809,True,,,10,537b67879f7441ab887df835c45dcf5d,2021-11-07_02-28-56,1636252136,1.6643283367156982,19236,LAPTOP-HOHBRLK7,10.249.178.82,1.6643283367156982,0,10,"86_alpha=0.6,episodes=300,epsilon=0.05,initial_q_value=21,version=Q",10,20,<built-in function max>,300,30,300,0.05,0.6,21,Q
6142c_00087,3.993333333333333,0.17201757431030273,True,,,10,ccf838e55a774cdbb308824f56f7c1bb,2021-11-07_02-28-58,1636252138,1.719071865081787,19236,LAPTOP-HOHBRLK7,10.249.178.82,1.719071865081787,0,10,"87_alpha=0.8,episodes=300,epsilon=0.05,initial_q_value=21,version=Q",10,20,<built-in function max>,300,30,300,0.05,0.8,21,Q
6142c_00088,3.84,0.19808077812194824,True,,,25,a500705a66864ce8abc627c9584c7d4a,2021-11-07_02-29-03,1636252143,4.929720878601074,19236,LAPTOP-HOHBRLK7,10.249.178.82,4.929720878601074,0,25,"88_alpha=0.2,episodes=750,epsilon=0.05,initial_q_value=21,version=Q",10,20,<built-in function max>,300,30,750,0.05,0.2,21,Q
6142c_00089,3.8866666666666667,0.20099401473999023,True,,,25,a8acccaa03b04984a61b6d52e90b5034,2021-11-07_02-29-08,1636252148,4.897383451461792,19236,LAPTOP-HOHBRLK7,10.249.178.82,4.897383451461792,0,25,"89_alpha=0.4,episodes=750,epsilon=0.05,initial_q_value=21,version=Q",10,20,<built-in function max>,300,30,750,0.05,0.4,21,Q
6142c_00090,3.9033333333333333,0.15961265563964844,True,,,25,a8aa4c5f40364e57af22bcbbc9dfa7aa,2021-11-07_02-29-12,1636252152,4.4626145362854,19236,LAPTOP-HOHBRLK7,10.249.178.82,4.4626145362854,0,25,"90_alpha=0.6,episodes=750,epsilon=0.05,initial_q_value=21,version=Q",10,20,<built-in function max>,300,30,750,0.05,0.6,21,Q
6142c_00091,4.02,0.15395569801330566,True,,,25,bf6ae6c107c24f469943c4c62c6e1d40,2021-11-07_02-29-17,1636252157,3.921628475189209,19236,LAPTOP-HOHBRLK7,10.249.178.82,3.921628475189209,0,25,"91_alpha=0.8,episodes=750,epsilon=0.05,initial_q_value=21,version=Q",10,20,<built-in function max>,300,30,750,0.05,0.8,21,Q
6142c_00092,3.986666666666667,0.17999887466430664,True,,,100,03acce1333554792ab41a68b3ee9401c,2021-11-07_02-29-35,1636252175,18.72147035598755,19236,LAPTOP-HOHBRLK7,10.249.178.82,18.72147035598755,0,100,"92_alpha=0.2,episodes=3000,epsilon=0.05,initial_q_value=21,version=Q",10,20,<built-in function max>,300,30,3000,0.05,0.2,21,Q
6142c_00093,4.02,0.14455842971801758,True,,,100,b28cb6087f0446ab81b85bba2a89bf7c,2021-11-07_02-29-52,1636252192,16.180760145187378,19236,LAPTOP-HOHBRLK7,10.249.178.82,16.180760145187378,0,100,"93_alpha=0.4,episodes=3000,epsilon=0.05,initial_q_value=21,version=Q",10,20,<built-in function max>,300,30,3000,0.05,0.4,21,Q
6142c_00094,4.346666666666667,0.14494013786315918,True,,,100,0d6bc86d3b0f45059c72fd5ba83ae4ee,2021-11-07_02-30-08,1636252208,15.927833795547485,19236,LAPTOP-HOHBRLK7,10.249.178.82,15.927833795547485,0,100,"94_alpha=0.6,episodes=3000,epsilon=0.05,initial_q_value=21,version=Q",10,20,<built-in function max>,300,30,3000,0.05,0.6,21,Q
6142c_00095,4.216666666666667,0.14636898040771484,True,,,100,dffb0be85140488a97312ecc5dcb8119,2021-11-07_02-30-23,1636252223,14.920966148376465,19236,LAPTOP-HOHBRLK7,10.249.178.82,14.920966148376465,0,100,"95_alpha=0.8,episodes=3000,epsilon=0.05,initial_q_value=21,version=Q",10,20,<built-in function max>,300,30,3000,0.05,0.8,21,Q
6142c_00096,3.8933333333333335,0.007012844085693359,True,,,1,3d0c33904c34455d8a9d1504bbff44e5,2021-11-07_02-30-23,1636252223,0.007012844085693359,19236,LAPTOP-HOHBRLK7,10.249.178.82,0.007012844085693359,0,1,"96_alpha=0.2,episodes=30,epsilon=0.1,initial_q_value=21,version=Q",10,20,<built-in function max>,300,30,30,0.1,0.2,21,Q
6142c_00097,3.966666666666667,0.007997989654541016,True,,,1,e3aabead273e49f2af9d3e2dfd35cce2,2021-11-07_02-30-23,1636252223,0.007997989654541016,19236,LAPTOP-HOHBRLK7,10.249.178.82,0.007997989654541016,0,1,"97_alpha=0.4,episodes=30,epsilon=0.1,initial_q_value=21,version=Q",10,20,<built-in function max>,300,30,30,0.1,0.4,21,Q
6142c_00098,3.9233333333333333,0.0070536136627197266,True,,,1,935645fb6b574cab84503d31006cd2de,2021-11-07_02-30-24,1636252224,0.0070536136627197266,19236,LAPTOP-HOHBRLK7,10.249.178.82,0.0070536136627197266,0,1,"98_alpha=0.6,episodes=30,epsilon=0.1,initial_q_value=21,version=Q",10,20,<built-in function max>,300,30,30,0.1,0.6,21,Q
6142c_00099,3.8733333333333335,0.0070340633392333984,True,,,1,deae81fa864e47a4a2cc80c6fe821d93,2021-11-07_02-30-24,1636252224,0.0070340633392333984,19236,LAPTOP-HOHBRLK7,10.249.178.82,0.0070340633392333984,0,1,"99_alpha=0.8,episodes=30,epsilon=0.1,initial_q_value=21,version=Q",10,20,<built-in function max>,300,30,30,0.1,0.8,21,Q
6142c_00100,4.06,0.1889503002166748,True,,,10,1df2dc19acdc4281bfd75584983aded4,2021-11-07_02-30-26,1636252226,1.6901278495788574,19236,LAPTOP-HOHBRLK7,10.249.178.82,1.6901278495788574,0,10,"100_alpha=0.2,episodes=300,epsilon=0.1,initial_q_value=21,version=Q",10,20,<built-in function max>,300,30,300,0.1,0.2,21,Q
6142c_00101,3.9233333333333333,0.18172216415405273,True,,,10,ce4b3e1a39534d2aa17e97a2d168ee4b,2021-11-07_02-30-28,1636252228,1.665468692779541,19236,LAPTOP-HOHBRLK7,10.249.178.82,1.665468692779541,0,10,"101_alpha=0.4,episodes=300,epsilon=0.1,initial_q_value=21,version=Q",10,20,<built-in function max>,300,30,300,0.1,0.4,21,Q
6142c_00102,4.003333333333333,0.18544220924377441,True,,,10,c0e6416c08a34c72b42058b7a0400e79,2021-11-07_02-30-29,1636252229,1.6708142757415771,19236,LAPTOP-HOHBRLK7,10.249.178.82,1.6708142757415771,0,10,"102_alpha=0.6,episodes=300,epsilon=0.1,initial_q_value=21,version=Q",10,20,<built-in function max>,300,30,300,0.1,0.6,21,Q
6142c_00103,4.083333333333333,0.1568467617034912,True,,,10,8df31e5ccc1043a1ae11904d621d2e30,2021-11-07_02-30-31,1636252231,1.565885305404663,19236,LAPTOP-HOHBRLK7,10.249.178.82,1.565885305404663,0,10,"103_alpha=0.8,episodes=300,epsilon=0.1,initial_q_value=21,version=Q",10,20,<built-in function max>,300,30,300,0.1,0.8,21,Q
6142c_00104,3.9633333333333334,0.18660569190979004,True,,,25,6aafbf8462e74bb9864cfafaa1fe0354,2021-11-07_02-30-36,1636252236,4.5602946281433105,19236,LAPTOP-HOHBRLK7,10.249.178.82,4.5602946281433105,0,25,"104_alpha=0.2,episodes=750,epsilon=0.1,initial_q_value=21,version=Q",10,20,<built-in function max>,300,30,750,0.1,0.2,21,Q
6142c_00105,4.163333333333333,0.1529560089111328,True,,,25,51bfd8634221462f92e75d233b1c6c6d,2021-11-07_02-30-41,1636252241,4.671261310577393,19236,LAPTOP-HOHBRLK7,10.249.178.82,4.671261310577393,0,25,"105_alpha=0.4,episodes=750,epsilon=0.1,initial_q_value=21,version=Q",10,20,<built-in function max>,300,30,750,0.1,0.4,21,Q
6142c_00106,4.18,0.15200233459472656,True,,,25,c36da1f9bae74f4ea578f2041fef9336,2021-11-07_02-30-45,1636252245,3.903770685195923,19236,LAPTOP-HOHBRLK7,10.249.178.82,3.903770685195923,0,25,"106_alpha=0.6,episodes=750,epsilon=0.1,initial_q_value=21,version=Q",10,20,<built-in function max>,300,30,750,0.1,0.6,21,Q
6142c_00107,4.053333333333334,0.1481027603149414,True,,,25,f7482aca68eb482a9543ef624b895568,2021-11-07_02-30-49,1636252249,3.764228105545044,19236,LAPTOP-HOHBRLK7,10.249.178.82,3.764228105545044,0,25,"107_alpha=0.8,episodes=750,epsilon=0.1,initial_q_value=21,version=Q",10,20,<built-in function max>,300,30,750,0.1,0.8,21,Q
6142c_00108,4.233333333333333,0.15704655647277832,True,,,100,54ace29b23174931a9f0d8db0195456b,2021-11-07_02-31-06,1636252266,17.43868088722229,19236,LAPTOP-HOHBRLK7,10.249.178.82,17.43868088722229,0,100,"108_alpha=0.2,episodes=3000,epsilon=0.1,initial_q_value=21,version=Q",10,20,<built-in function max>,300,30,3000,0.1,0.2,21,Q
6142c_00109,4.136666666666667,0.14573168754577637,True,,,100,6bad3ade97b441b486387bcf38321872,2021-11-07_02-31-22,1636252282,15.609714269638062,19236,LAPTOP-HOHBRLK7,10.249.178.82,15.609714269638062,0,100,"109_alpha=0.4,episodes=3000,epsilon=0.1,initial_q_value=21,version=Q",10,20,<built-in function max>,300,30,3000,0.1,0.4,21,Q
6142c_00110,4.173333333333333,0.14899969100952148,True,,,100,c8db7d7881a74f278dacb188747b4d22,2021-11-07_02-31-38,1636252298,15.61555552482605,19236,LAPTOP-HOHBRLK7,10.249.178.82,15.61555552482605,0,100,"110_alpha=0.6,episodes=3000,epsilon=0.1,initial_q_value=21,version=Q",10,20,<built-in function max>,300,30,3000,0.1,0.6,21,Q
6142c_00111,4.276666666666666,0.15130257606506348,True,,,100,55820abb9535438892994179d4b2ef6d,2021-11-07_02-31-53,1636252313,14.958197832107544,19236,LAPTOP-HOHBRLK7,10.249.178.82,14.958197832107544,0,100,"111_alpha=0.8,episodes=3000,epsilon=0.1,initial_q_value=21,version=Q",10,20,<built-in function max>,300,30,3000,0.1,0.8,21,Q
6142c_00112,3.9066666666666667,0.006431102752685547,True,,,1,d3b9625c03ee458c8d360775389c9734,2021-11-07_02-31-53,1636252313,0.006431102752685547,19236,LAPTOP-HOHBRLK7,10.249.178.82,0.006431102752685547,0,1,"112_alpha=0.2,episodes=30,epsilon=0.3,initial_q_value=21,version=Q",10,20,<built-in function max>,300,30,30,0.3,0.2,21,Q
6142c_00113,3.9366666666666665,0.008001089096069336,True,,,1,df009d2e4b8a438cbbfbcf707d315c26,2021-11-07_02-31-53,1636252313,0.008001089096069336,19236,LAPTOP-HOHBRLK7,10.249.178.82,0.008001089096069336,0,1,"113_alpha=0.4,episodes=30,epsilon=0.3,initial_q_value=21,version=Q",10,20,<built-in function max>,300,30,30,0.3,0.4,21,Q
6142c_00114,3.93,0.00696563720703125,True,,,1,7b87ca0ec09c49f1839427388cb0107a,2021-11-07_02-31-54,1636252314,0.00696563720703125,19236,LAPTOP-HOHBRLK7,10.249.178.82,0.00696563720703125,0,1,"114_alpha=0.6,episodes=30,epsilon=0.3,initial_q_value=21,version=Q",10,20,<built-in function max>,300,30,30,0.3,0.6,21,Q
6142c_00115,3.92,0.007963180541992188,True,,,1,a5ed0cfedf9b4e68b696d6effaf93434,2021-11-07_02-31-54,1636252314,0.007963180541992188,19236,LAPTOP-HOHBRLK7,10.249.178.82,0.007963180541992188,0,1,"115_alpha=0.8,episodes=30,epsilon=0.3,initial_q_value=21,version=Q",10,20,<built-in function max>,300,30,30,0.3,0.8,21,Q
6142c_00116,4.233333333333333,0.15523791313171387,True,,,10,2fc0911a93b74c939816f7a2f20c6d2a,2021-11-07_02-31-55,1636252315,1.4417626857757568,19236,LAPTOP-HOHBRLK7,10.249.178.82,1.4417626857757568,0,10,"116_alpha=0.2,episodes=300,epsilon=0.3,initial_q_value=21,version=Q",10,20,<built-in function max>,300,30,300,0.3,0.2,21,Q
6142c_00117,4.123333333333333,0.15395879745483398,True,,,10,c11050dfbfb54e7dba94795435793b64,2021-11-07_02-31-57,1636252317,1.509223222732544,19236,LAPTOP-HOHBRLK7,10.249.178.82,1.509223222732544,0,10,"117_alpha=0.4,episodes=300,epsilon=0.3,initial_q_value=21,version=Q",10,20,<built-in function max>,300,30,300,0.3,0.4,21,Q
6142c_00118,4.1033333333333335,0.14800000190734863,True,,,10,8c79f345cedb4e2f83df9bf535ce6073,2021-11-07_02-31-59,1636252319,1.4350626468658447,19236,LAPTOP-HOHBRLK7,10.249.178.82,1.4350626468658447,0,10,"118_alpha=0.6,episodes=300,epsilon=0.3,initial_q_value=21,version=Q",10,20,<built-in function max>,300,30,300,0.3,0.6,21,Q
6142c_00119,4.206666666666667,0.1919994354248047,True,,,10,e1a0741233f9441ba4153a498ba0b29d,2021-11-07_02-32-00,1636252320,1.5045750141143799,19236,LAPTOP-HOHBRLK7,10.249.178.82,1.5045750141143799,0,10,"119_alpha=0.8,episodes=300,epsilon=0.3,initial_q_value=21,version=Q",10,20,<built-in function max>,300,30,300,0.3,0.8,21,Q
6142c_00120,4.203333333333333,0.15599560737609863,True,,,25,cdc52e2469f849f3b3d088a98a54f48d,2021-11-07_02-32-04,1636252324,3.7378628253936768,19236,LAPTOP-HOHBRLK7,10.249.178.82,3.7378628253936768,0,25,"120_alpha=0.2,episodes=750,epsilon=0.3,initial_q_value=21,version=Q",10,20,<built-in function max>,300,30,750,0.3,0.2,21,Q
6142c_00121,4.283333333333333,0.14864540100097656,True,,,25,9c123875402048968fe3996386985ac5,2021-11-07_02-32-08,1636252328,3.6727845668792725,19236,LAPTOP-HOHBRLK7,10.249.178.82,3.6727845668792725,0,25,"121_alpha=0.4,episodes=750,epsilon=0.3,initial_q_value=21,version=Q",10,20,<built-in function max>,300,30,750,0.3,0.4,21,Q
6142c_00122,4.053333333333334,0.15298843383789062,True,,,25,cfd1ee7dbdfb47499e1ac5d2c98721e4,2021-11-07_02-32-12,1636252332,3.680098056793213,19236,LAPTOP-HOHBRLK7,10.249.178.82,3.680098056793213,0,25,"122_alpha=0.6,episodes=750,epsilon=0.3,initial_q_value=21,version=Q",10,20,<built-in function max>,300,30,750,0.3,0.6,21,Q
6142c_00123,4.13,0.14805054664611816,True,,,25,c1f3c41d5db44edeb0bd7adef15cf73d,2021-11-07_02-32-16,1636252336,3.6307590007781982,19236,LAPTOP-HOHBRLK7,10.249.178.82,3.6307590007781982,0,25,"123_alpha=0.8,episodes=750,epsilon=0.3,initial_q_value=21,version=Q",10,20,<built-in function max>,300,30,750,0.3,0.8,21,Q
6142c_00124,4.1033333333333335,0.15299510955810547,True,,,100,6b83be65daac488f86667f41e8054c4f,2021-11-07_02-32-31,1636252351,14.937376022338867,19236,LAPTOP-HOHBRLK7,10.249.178.82,14.937376022338867,0,100,"124_alpha=0.2,episodes=3000,epsilon=0.3,initial_q_value=21,version=Q",10,20,<built-in function max>,300,30,3000,0.3,0.2,21,Q
6142c_00125,4.233333333333333,0.14800119400024414,True,,,100,303c37b359c94fdfbbfb94b6d4fd3e16,2021-11-07_02-32-46,1636252366,14.759260892868042,19236,LAPTOP-HOHBRLK7,10.249.178.82,14.759260892868042,0,100,"125_alpha=0.4,episodes=3000,epsilon=0.3,initial_q_value=21,version=Q",10,20,<built-in function max>,300,30,3000,0.3,0.4,21,Q
6142c_00126,4.1866666666666665,0.14700031280517578,True,,,100,4fac6a0e7d5b4b5f807dc5057363b07b,2021-11-07_02-33-01,1636252381,15.214781045913696,19236,LAPTOP-HOHBRLK7,10.249.178.82,15.214781045913696,0,100,"126_alpha=0.6,episodes=3000,epsilon=0.3,initial_q_value=21,version=Q",10,20,<built-in function max>,300,30,3000,0.3,0.6,21,Q
6142c_00127,4.086666666666667,0.1461353302001953,True,,,100,81a5441243434b028ccf3ee92b91856d,2021-11-07_02-33-16,1636252396,14.747577428817749,19236,LAPTOP-HOHBRLK7,10.249.178.82,14.747577428817749,0,100,"127_alpha=0.8,episodes=3000,epsilon=0.3,initial_q_value=21,version=Q",10,20,<built-in function max>,300,30,3000,0.3,0.8,21,Q
6142c_00128,3.9466666666666668,0.008006572723388672,True,,,1,14dac978f51f4a118d3e5da1440a286b,2021-11-07_02-33-16,1636252396,0.008006572723388672,19236,LAPTOP-HOHBRLK7,10.249.178.82,0.008006572723388672,0,1,"128_alpha=0.2,episodes=30,epsilon=0,initial_q_value=0,version=Sarsa",10,20,<built-in function max>,300,30,30,0.0,0.2,0,Sarsa
6142c_00129,3.93,0.006973981857299805,True,,,1,04eb460d111642d68721ce41beb85b65,2021-11-07_02-33-16,1636252396,0.006973981857299805,19236,LAPTOP-HOHBRLK7,10.249.178.82,0.006973981857299805,0,1,"129_alpha=0.4,episodes=30,epsilon=0,initial_q_value=0,version=Sarsa",10,20,<built-in function max>,300,30,30,0.0,0.4,0,Sarsa
6142c_00130,3.9133333333333336,0.007965087890625,True,,,1,e98f0d2d07ec4f8985646cf37bc5b523,2021-11-07_02-33-17,1636252397,0.007965087890625,19236,LAPTOP-HOHBRLK7,10.249.178.82,0.007965087890625,0,1,"130_alpha=0.6,episodes=30,epsilon=0,initial_q_value=0,version=Sarsa",10,20,<built-in function max>,300,30,30,0.0,0.6,0,Sarsa
6142c_00131,3.85,0.007999897003173828,True,,,1,dd30ec92653f4952b905213f723936b9,2021-11-07_02-33-17,1636252397,0.007999897003173828,19236,LAPTOP-HOHBRLK7,10.249.178.82,0.007999897003173828,0,1,"131_alpha=0.8,episodes=30,epsilon=0,initial_q_value=0,version=Sarsa",10,20,<built-in function max>,300,30,30,0.0,0.8,0,Sarsa
6142c_00132,4.18,0.14398837089538574,True,,,10,f5b71e5abea343918cddb54a7becedf1,2021-11-07_02-33-19,1636252399,1.5742125511169434,19236,LAPTOP-HOHBRLK7,10.249.178.82,1.5742125511169434,0,10,"132_alpha=0.2,episodes=300,epsilon=0,initial_q_value=0,version=Sarsa",10,20,<built-in function max>,300,30,300,0.0,0.2,0,Sarsa
6142c_00133,4.26,0.14800786972045898,True,,,10,9c17bcc8550b485f8297a4a7c24e18d4,2021-11-07_02-33-20,1636252400,1.5808935165405273,19236,LAPTOP-HOHBRLK7,10.249.178.82,1.5808935165405273,0,10,"133_alpha=0.4,episodes=300,epsilon=0,initial_q_value=0,version=Sarsa",10,20,<built-in function max>,300,30,300,0.0,0.4,0,Sarsa
6142c_00134,4.336666666666667,0.1530001163482666,True,,,10,f1ae3178735f422c8963e795b34de745,2021-11-07_02-33-22,1636252402,1.6598403453826904,19236,LAPTOP-HOHBRLK7,10.249.178.82,1.6598403453826904,0,10,"134_alpha=0.6,episodes=300,epsilon=0,initial_q_value=0,version=Sarsa",10,20,<built-in function max>,300,30,300,0.0,0.6,0,Sarsa
6142c_00135,4.296666666666667,0.15205073356628418,True,,,10,c1c198fdd1104fc2bec8928ece5c2cd2,2021-11-07_02-33-24,1636252404,1.5866069793701172,19236,LAPTOP-HOHBRLK7,10.249.178.82,1.5866069793701172,0,10,"135_alpha=0.8,episodes=300,epsilon=0,initial_q_value=0,version=Sarsa",10,20,<built-in function max>,300,30,300,0.0,0.8,0,Sarsa
6142c_00136,4.01,0.14800477027893066,True,,,25,cc0bfb4accd5453594c02f926474e404,2021-11-07_02-33-28,1636252408,3.847656726837158,19236,LAPTOP-HOHBRLK7,10.249.178.82,3.847656726837158,0,25,"136_alpha=0.2,episodes=750,epsilon=0,initial_q_value=0,version=Sarsa",10,20,<built-in function max>,300,30,750,0.0,0.2,0,Sarsa
6142c_00137,3.933333333333333,0.15204262733459473,True,,,25,d1855305325249bdb8e47ebde1aef1f9,2021-11-07_02-33-32,1636252412,3.819938898086548,19236,LAPTOP-HOHBRLK7,10.249.178.82,3.819938898086548,0,25,"137_alpha=0.4,episodes=750,epsilon=0,initial_q_value=0,version=Sarsa",10,20,<built-in function max>,300,30,750,0.0,0.4,0,Sarsa
6142c_00138,4.136666666666667,0.15099859237670898,True,,,25,7a11d4ef99e049a3b978fdba8e2b12f5,2021-11-07_02-33-36,1636252416,3.7960221767425537,19236,LAPTOP-HOHBRLK7,10.249.178.82,3.7960221767425537,0,25,"138_alpha=0.6,episodes=750,epsilon=0,initial_q_value=0,version=Sarsa",10,20,<built-in function max>,300,30,750,0.0,0.6,0,Sarsa
6142c_00139,4.04,0.14100098609924316,True,,,25,c3123323b1ad4a1bbcbfe2767c393986,2021-11-07_02-33-40,1636252420,3.7710485458374023,19236,LAPTOP-HOHBRLK7,10.249.178.82,3.7710485458374023,0,25,"139_alpha=0.8,episodes=750,epsilon=0,initial_q_value=0,version=Sarsa",10,20,<built-in function max>,300,30,750,0.0,0.8,0,Sarsa
6142c_00140,4.21,0.1453230381011963,True,,,100,aa4e3486544046dfa6a486edf6ed5406,2021-11-07_02-33-55,1636252435,15.113910436630249,19236,LAPTOP-HOHBRLK7,10.249.178.82,15.113910436630249,0,100,"140_alpha=0.2,episodes=3000,epsilon=0,initial_q_value=0,version=Sarsa",10,20,<built-in function max>,300,30,3000,0.0,0.2,0,Sarsa
6142c_00141,4.07,0.14905118942260742,True,,,100,10505ad7d4084b9a988bd93e0f12ef51,2021-11-07_02-34-11,1636252451,15.40579891204834,19236,LAPTOP-HOHBRLK7,10.249.178.82,15.40579891204834,0,100,"141_alpha=0.4,episodes=3000,epsilon=0,initial_q_value=0,version=Sarsa",10,20,<built-in function max>,300,30,3000,0.0,0.4,0,Sarsa
6142c_00142,4.123333333333333,0.15399885177612305,True,,,100,7bb36a053f63421494c2b604570151af,2021-11-07_02-34-26,1636252466,15.2489652633667,19236,LAPTOP-HOHBRLK7,10.249.178.82,15.2489652633667,0,100,"142_alpha=0.6,episodes=3000,epsilon=0,initial_q_value=0,version=Sarsa",10,20,<built-in function max>,300,30,3000,0.0,0.6,0,Sarsa
6142c_00143,4.116666666666666,0.15429472923278809,True,,,100,0f9db3e061d3498aa46407c22af14765,2021-11-07_02-34-41,1636252481,15.005951404571533,19236,LAPTOP-HOHBRLK7,10.249.178.82,15.005951404571533,0,100,"143_alpha=0.8,episodes=3000,epsilon=0,initial_q_value=0,version=Sarsa",10,20,<built-in function max>,300,30,3000,0.0,0.8,0,Sarsa
6142c_00144,3.8766666666666665,0.007005453109741211,True,,,1,f5cecba50605443a9dee1d6ac68eb6cd,2021-11-07_02-34-41,1636252481,0.007005453109741211,19236,LAPTOP-HOHBRLK7,10.249.178.82,0.007005453109741211,0,1,"144_alpha=0.2,episodes=30,epsilon=0.05,initial_q_value=0,version=Sarsa",10,20,<built-in function max>,300,30,30,0.05,0.2,0,Sarsa
6142c_00145,3.83,0.007012605667114258,True,,,1,3708cb30730a410ab6f4665d59a02b24,2021-11-07_02-34-42,1636252482,0.007012605667114258,19236,LAPTOP-HOHBRLK7,10.249.178.82,0.007012605667114258,0,1,"145_alpha=0.4,episodes=30,epsilon=0.05,initial_q_value=0,version=Sarsa",10,20,<built-in function max>,300,30,30,0.05,0.4,0,Sarsa
6142c_00146,3.8933333333333335,0.007021903991699219,True,,,1,79b97e87ae774f9eb68975f26dfe6190,2021-11-07_02-34-42,1636252482,0.007021903991699219,19236,LAPTOP-HOHBRLK7,10.249.178.82,0.007021903991699219,0,1,"146_alpha=0.6,episodes=30,epsilon=0.05,initial_q_value=0,version=Sarsa",10,20,<built-in function max>,300,30,30,0.05,0.6,0,Sarsa
6142c_00147,3.83,0.007962703704833984,True,,,1,03925e2bebe0454b930145e24fd86887,2021-11-07_02-34-42,1636252482,0.007962703704833984,19236,LAPTOP-HOHBRLK7,10.249.178.82,0.007962703704833984,0,1,"147_alpha=0.8,episodes=30,epsilon=0.05,initial_q_value=0,version=Sarsa",10,20,<built-in function max>,300,30,30,0.05,0.8,0,Sarsa
6142c_00148,4.306666666666667,0.15300250053405762,True,,,10,08c363a2c05748f49461c999f959c9e0,2021-11-07_02-34-44,1636252484,1.5929839611053467,19236,LAPTOP-HOHBRLK7,10.249.178.82,1.5929839611053467,0,10,"148_alpha=0.2,episodes=300,epsilon=0.05,initial_q_value=0,version=Sarsa",10,20,<built-in function max>,300,30,300,0.05,0.2,0,Sarsa
6142c_00149,4.233333333333333,0.15161585807800293,True,,,10,4e2bc2df88d140a092fcce23978dd0f0,2021-11-07_02-34-46,1636252486,1.5734584331512451,19236,LAPTOP-HOHBRLK7,10.249.178.82,1.5734584331512451,0,10,"149_alpha=0.4,episodes=300,epsilon=0.05,initial_q_value=0,version=Sarsa",10,20,<built-in function max>,300,30,300,0.05,0.4,0,Sarsa
6142c_00150,4.21,0.15000009536743164,True,,,10,d5724a231e48498cb4c166f46df6c12a,2021-11-07_02-34-48,1636252488,1.5876340866088867,19236,LAPTOP-HOHBRLK7,10.249.178.82,1.5876340866088867,0,10,"150_alpha=0.6,episodes=300,epsilon=0.05,initial_q_value=0,version=Sarsa",10,20,<built-in function max>,300,30,300,0.05,0.6,0,Sarsa
6142c_00151,4.3933333333333335,0.1445319652557373,True,,,10,7672d4bd336a4b5faba86c8c8477d772,2021-11-07_02-34-49,1636252489,1.5834324359893799,19236,LAPTOP-HOHBRLK7,10.249.178.82,1.5834324359893799,0,10,"151_alpha=0.8,episodes=300,epsilon=0.05,initial_q_value=0,version=Sarsa",10,20,<built-in function max>,300,30,300,0.05,0.8,0,Sarsa
6142c_00152,4.08,0.15680694580078125,True,,,25,7b743e15e8a6465ea2488d8e61bcb5af,2021-11-07_02-34-53,1636252493,3.858710527420044,19236,LAPTOP-HOHBRLK7,10.249.178.82,3.858710527420044,0,25,"152_alpha=0.2,episodes=750,epsilon=0.05,initial_q_value=0,version=Sarsa",10,20,<built-in function max>,300,30,750,0.05,0.2,0,Sarsa
6142c_00153,4.373333333333333,0.1460096836090088,True,,,25,36ce809d916e4a23a75065d3d40e3d56,2021-11-07_02-34-57,1636252497,3.7878849506378174,19236,LAPTOP-HOHBRLK7,10.249.178.82,3.7878849506378174,0,25,"153_alpha=0.4,episodes=750,epsilon=0.05,initial_q_value=0,version=Sarsa",10,20,<built-in function max>,300,30,750,0.05,0.4,0,Sarsa
6142c_00154,4.026666666666666,0.14823079109191895,True,,,25,d986e9f3f6e3487dbeeda12d77301729,2021-11-07_02-35-01,1636252501,3.790253162384033,19236,LAPTOP-HOHBRLK7,10.249.178.82,3.790253162384033,0,25,"154_alpha=0.6,episodes=750,epsilon=0.05,initial_q_value=0,version=Sarsa",10,20,<built-in function max>,300,30,750,0.05,0.6,0,Sarsa
6142c_00155,4.096666666666667,0.15060830116271973,True,,,25,5bf60a37b9ce4f71980532119fdaf816,2021-11-07_02-35-05,1636252505,3.8552744388580322,19236,LAPTOP-HOHBRLK7,10.249.178.82,3.8552744388580322,0,25,"155_alpha=0.8,episodes=750,epsilon=0.05,initial_q_value=0,version=Sarsa",10,20,<built-in function max>,300,30,750,0.05,0.8,0,Sarsa
6142c_00156,4.223333333333334,0.14295649528503418,True,,,100,76a99930fab048d5996cbf5bc8c09f92,2021-11-07_02-35-21,1636252521,15.151008367538452,19236,LAPTOP-HOHBRLK7,10.249.178.82,15.151008367538452,0,100,"156_alpha=0.2,episodes=3000,epsilon=0.05,initial_q_value=0,version=Sarsa",10,20,<built-in function max>,300,30,3000,0.05,0.2,0,Sarsa
6142c_00157,4.22,0.14275550842285156,True,,,100,6c508f96e263408287e460acac0e6340,2021-11-07_02-35-36,1636252536,15.09899640083313,19236,LAPTOP-HOHBRLK7,10.249.178.82,15.09899640083313,0,100,"157_alpha=0.4,episodes=3000,epsilon=0.05,initial_q_value=0,version=Sarsa",10,20,<built-in function max>,300,30,3000,0.05,0.4,0,Sarsa
6142c_00158,4.166666666666667,0.14699578285217285,True,,,100,e1db25e8e4d947e3923417b01f3990f4,2021-11-07_02-35-51,1636252551,15.143338441848755,19236,LAPTOP-HOHBRLK7,10.249.178.82,15.143338441848755,0,100,"158_alpha=0.6,episodes=3000,epsilon=0.05,initial_q_value=0,version=Sarsa",10,20,<built-in function max>,300,30,3000,0.05,0.6,0,Sarsa
6142c_00159,4.1433333333333335,0.1419529914855957,True,,,100,dcef3ef3470e426d864c3d83c609f74d,2021-11-07_02-36-06,1636252566,14.888516187667847,19236,LAPTOP-HOHBRLK7,10.249.178.82,14.888516187667847,0,100,"159_alpha=0.8,episodes=3000,epsilon=0.05,initial_q_value=0,version=Sarsa",10,20,<built-in function max>,300,30,3000,0.05,0.8,0,Sarsa
6142c_00160,3.9366666666666665,0.008002996444702148,True,,,1,a0d1dc1b3c1d4968841c864cf1e5cf87,2021-11-07_02-36-06,1636252566,0.008002996444702148,19236,LAPTOP-HOHBRLK7,10.249.178.82,0.008002996444702148,0,1,"160_alpha=0.2,episodes=30,epsilon=0.1,initial_q_value=0,version=Sarsa",10,20,<built-in function max>,300,30,30,0.1,0.2,0,Sarsa
6142c_00161,3.85,0.007037162780761719,True,,,1,20cb6b0c7d02472f95173b50967d17ae,2021-11-07_02-36-07,1636252567,0.007037162780761719,19236,LAPTOP-HOHBRLK7,10.249.178.82,0.007037162780761719,0,1,"161_alpha=0.4,episodes=30,epsilon=0.1,initial_q_value=0,version=Sarsa",10,20,<built-in function max>,300,30,30,0.1,0.4,0,Sarsa
6142c_00162,3.8933333333333335,0.007027149200439453,True,,,1,c4f3723667e1474bb3353c745e24c065,2021-11-07_02-36-07,1636252567,0.007027149200439453,19236,LAPTOP-HOHBRLK7,10.249.178.82,0.007027149200439453,0,1,"162_alpha=0.6,episodes=30,epsilon=0.1,initial_q_value=0,version=Sarsa",10,20,<built-in function max>,300,30,30,0.1,0.6,0,Sarsa
6142c_00163,3.86,0.008043050765991211,True,,,1,b2ab9b7e20e94da28d5adb0fdf10ea70,2021-11-07_02-36-07,1636252567,0.008043050765991211,19236,LAPTOP-HOHBRLK7,10.249.178.82,0.008043050765991211,0,1,"163_alpha=0.8,episodes=30,epsilon=0.1,initial_q_value=0,version=Sarsa",10,20,<built-in function max>,300,30,30,0.1,0.8,0,Sarsa
6142c_00164,4.253333333333333,0.15295767784118652,True,,,10,6bcdb24ab19d479a9d5bb9f599d432c3,2021-11-07_02-36-09,1636252569,1.593226671218872,19236,LAPTOP-HOHBRLK7,10.249.178.82,1.593226671218872,0,10,"164_alpha=0.2,episodes=300,epsilon=0.1,initial_q_value=0,version=Sarsa",10,20,<built-in function max>,300,30,300,0.1,0.2,0,Sarsa
6142c_00165,4.32,0.14500045776367188,True,,,10,5df9d52bd40d40ec939e9d41cf4636bd,2021-11-07_02-36-11,1636252571,1.5721676349639893,19236,LAPTOP-HOHBRLK7,10.249.178.82,1.5721676349639893,0,10,"165_alpha=0.4,episodes=300,epsilon=0.1,initial_q_value=0,version=Sarsa",10,20,<built-in function max>,300,30,300,0.1,0.4,0,Sarsa
6142c_00166,4.053333333333334,0.14800047874450684,True,,,10,15c16648b3964116a449f3dcdfa67ad4,2021-11-07_02-36-12,1636252572,1.567997694015503,19236,LAPTOP-HOHBRLK7,10.249.178.82,1.567997694015503,0,10,"166_alpha=0.6,episodes=300,epsilon=0.1,initial_q_value=0,version=Sarsa",10,20,<built-in function max>,300,30,300,0.1,0.6,0,Sarsa
6142c_00167,3.9966666666666666,0.14504504203796387,True,,,10,a2ac7cb5b7424972951158eb76d2fd00,2021-11-07_02-36-14,1636252574,1.6254689693450928,19236,LAPTOP-HOHBRLK7,10.249.178.82,1.6254689693450928,0,10,"167_alpha=0.8,episodes=300,epsilon=0.1,initial_q_value=0,version=Sarsa",10,20,<built-in function max>,300,30,300,0.1,0.8,0,Sarsa
6142c_00168,4.026666666666666,0.14635896682739258,True,,,25,50651391ad444187bd104f6cb33ce3b5,2021-11-07_02-36-18,1636252578,3.8256680965423584,19236,LAPTOP-HOHBRLK7,10.249.178.82,3.8256680965423584,0,25,"168_alpha=0.2,episodes=750,epsilon=0.1,initial_q_value=0,version=Sarsa",10,20,<built-in function max>,300,30,750,0.1,0.2,0,Sarsa
6142c_00169,4.3566666666666665,0.1539933681488037,True,,,25,65e34a8ec0ac42b982d1aa0e70ce4676,2021-11-07_02-36-22,1636252582,3.820935010910034,19236,LAPTOP-HOHBRLK7,10.249.178.82,3.820935010910034,0,25,"169_alpha=0.4,episodes=750,epsilon=0.1,initial_q_value=0,version=Sarsa",10,20,<built-in function max>,300,30,750,0.1,0.4,0,Sarsa
6142c_00170,4.153333333333333,0.14600276947021484,True,,,25,63879794fc9343338827554a0f986873,2021-11-07_02-36-26,1636252586,3.8586153984069824,19236,LAPTOP-HOHBRLK7,10.249.178.82,3.8586153984069824,0,25,"170_alpha=0.6,episodes=750,epsilon=0.1,initial_q_value=0,version=Sarsa",10,20,<built-in function max>,300,30,750,0.1,0.6,0,Sarsa
6142c_00171,4.206666666666667,0.15000152587890625,True,,,25,cceb379f50d64f17a06b518af3f42f0c,2021-11-07_02-36-30,1636252590,3.8182926177978516,19236,LAPTOP-HOHBRLK7,10.249.178.82,3.8182926177978516,0,25,"171_alpha=0.8,episodes=750,epsilon=0.1,initial_q_value=0,version=Sarsa",10,20,<built-in function max>,300,30,750,0.1,0.8,0,Sarsa
6142c_00172,4.05,0.15700006484985352,True,,,100,36b96775086d4fc887c07bd00b37ca86,2021-11-07_02-36-45,1636252605,15.156641721725464,19236,LAPTOP-HOHBRLK7,10.249.178.82,15.156641721725464,0,100,"172_alpha=0.2,episodes=3000,epsilon=0.1,initial_q_value=0,version=Sarsa",10,20,<built-in function max>,300,30,3000,0.1,0.2,0,Sarsa
6142c_00173,4.213333333333333,0.14300775527954102,True,,,100,6834d158202b48cab993d74a2548345c,2021-11-07_02-37-01,1636252621,15.007270336151123,19236,LAPTOP-HOHBRLK7,10.249.178.82,15.007270336151123,0,100,"173_alpha=0.4,episodes=3000,epsilon=0.1,initial_q_value=0,version=Sarsa",10,20,<built-in function max>,300,30,3000,0.1,0.4,0,Sarsa
6142c_00174,4.22,0.15232563018798828,True,,,100,003b205413c046f6ba574bc989ca234c,2021-11-07_02-37-16,1636252636,15.332496166229248,19236,LAPTOP-HOHBRLK7,10.249.178.82,15.332496166229248,0,100,"174_alpha=0.6,episodes=3000,epsilon=0.1,initial_q_value=0,version=Sarsa",10,20,<built-in function max>,300,30,3000,0.1,0.6,0,Sarsa
6142c_00175,4.34,0.14704442024230957,True,,,100,a4a812a938044f4e88d39f88c50671de,2021-11-07_02-37-31,1636252651,14.924168586730957,19236,LAPTOP-HOHBRLK7,10.249.178.82,14.924168586730957,0,100,"175_alpha=0.8,episodes=3000,epsilon=0.1,initial_q_value=0,version=Sarsa",10,20,<built-in function max>,300,30,3000,0.1,0.8,0,Sarsa
6142c_00176,3.9466666666666668,0.00700831413269043,True,,,1,45a210c4193a4fb38d8d1262d9cf8789,2021-11-07_02-37-31,1636252651,0.00700831413269043,19236,LAPTOP-HOHBRLK7,10.249.178.82,0.00700831413269043,0,1,"176_alpha=0.2,episodes=30,epsilon=0.3,initial_q_value=0,version=Sarsa",10,20,<built-in function max>,300,30,30,0.3,0.2,0,Sarsa
6142c_00177,3.9833333333333334,0.007996797561645508,True,,,1,9308416fda4446b5aa152b8961b36065,2021-11-07_02-37-31,1636252651,0.007996797561645508,19236,LAPTOP-HOHBRLK7,10.249.178.82,0.007996797561645508,0,1,"177_alpha=0.4,episodes=30,epsilon=0.3,initial_q_value=0,version=Sarsa",10,20,<built-in function max>,300,30,30,0.3,0.4,0,Sarsa
6142c_00178,3.9066666666666667,0.006989955902099609,True,,,1,f0f26d7591c84330bb46d8fb249a602c,2021-11-07_02-37-32,1636252652,0.006989955902099609,19236,LAPTOP-HOHBRLK7,10.249.178.82,0.006989955902099609,0,1,"178_alpha=0.6,episodes=30,epsilon=0.3,initial_q_value=0,version=Sarsa",10,20,<built-in function max>,300,30,30,0.3,0.6,0,Sarsa
6142c_00179,3.92,0.00799870491027832,True,,,1,878aa9e0e49c4619b25944b8a2e98f68,2021-11-07_02-37-32,1636252652,0.00799870491027832,19236,LAPTOP-HOHBRLK7,10.249.178.82,0.00799870491027832,0,1,"179_alpha=0.8,episodes=30,epsilon=0.3,initial_q_value=0,version=Sarsa",10,20,<built-in function max>,300,30,30,0.3,0.8,0,Sarsa
6142c_00180,4.096666666666667,0.1463639736175537,True,,,10,5689d9b0f6454bad9f45bb8a0ed67bfe,2021-11-07_02-37-34,1636252654,1.5727529525756836,19236,LAPTOP-HOHBRLK7,10.249.178.82,1.5727529525756836,0,10,"180_alpha=0.2,episodes=300,epsilon=0.3,initial_q_value=0,version=Sarsa",10,20,<built-in function max>,300,30,300,0.3,0.2,0,Sarsa
6142c_00181,4.226666666666667,0.14800357818603516,True,,,10,280be7a38b8548899e529f027c9feab3,2021-11-07_02-37-36,1636252656,1.5615675449371338,19236,LAPTOP-HOHBRLK7,10.249.178.82,1.5615675449371338,0,10,"181_alpha=0.4,episodes=300,epsilon=0.3,initial_q_value=0,version=Sarsa",10,20,<built-in function max>,300,30,300,0.3,0.4,0,Sarsa
6142c_00182,4.15,0.15199995040893555,True,,,10,5c6c1e7bf6f24b6a89dd7c1103b573a6,2021-11-07_02-37-37,1636252657,1.595978021621704,19236,LAPTOP-HOHBRLK7,10.249.178.82,1.595978021621704,0,10,"182_alpha=0.6,episodes=300,epsilon=0.3,initial_q_value=0,version=Sarsa",10,20,<built-in function max>,300,30,300,0.3,0.6,0,Sarsa
6142c_00183,4.3,0.15136265754699707,True,,,10,f6cb7fb9ce6548cb9e3111126f458273,2021-11-07_02-37-39,1636252659,1.5671045780181885,19236,LAPTOP-HOHBRLK7,10.249.178.82,1.5671045780181885,0,10,"183_alpha=0.8,episodes=300,epsilon=0.3,initial_q_value=0,version=Sarsa",10,20,<built-in function max>,300,30,300,0.3,0.8,0,Sarsa
6142c_00184,3.993333333333333,0.14300012588500977,True,,,25,1b77cf09ae8449db82a27dc9bf9ec822,2021-11-07_02-37-43,1636252663,3.8288750648498535,19236,LAPTOP-HOHBRLK7,10.249.178.82,3.8288750648498535,0,25,"184_alpha=0.2,episodes=750,epsilon=0.3,initial_q_value=0,version=Sarsa",10,20,<built-in function max>,300,30,750,0.3,0.2,0,Sarsa
6142c_00185,4.1433333333333335,0.15600347518920898,True,,,25,23c50df279ce48348fbdd1910c812b7a,2021-11-07_02-37-47,1636252667,3.855314016342163,19236,LAPTOP-HOHBRLK7,10.249.178.82,3.855314016342163,0,25,"185_alpha=0.4,episodes=750,epsilon=0.3,initial_q_value=0,version=Sarsa",10,20,<built-in function max>,300,30,750,0.3,0.4,0,Sarsa
6142c_00186,4.003333333333333,0.1510000228881836,True,,,25,b0b058dd1e7f4b56a11b21f0bd3cad0a,2021-11-07_02-37-51,1636252671,3.759239912033081,19236,LAPTOP-HOHBRLK7,10.249.178.82,3.759239912033081,0,25,"186_alpha=0.6,episodes=750,epsilon=0.3,initial_q_value=0,version=Sarsa",10,20,<built-in function max>,300,30,750,0.3,0.6,0,Sarsa
6142c_00187,4.0633333333333335,0.14599394798278809,True,,,25,40c76865159647e690c96b1a5a953a75,2021-11-07_02-37-55,1636252675,3.8204538822174072,19236,LAPTOP-HOHBRLK7,10.249.178.82,3.8204538822174072,0,25,"187_alpha=0.8,episodes=750,epsilon=0.3,initial_q_value=0,version=Sarsa",10,20,<built-in function max>,300,30,750,0.3,0.8,0,Sarsa
6142c_00188,3.953333333333333,0.15495824813842773,True,,,100,68d6148784254f348482b9a5ed025ba2,2021-11-07_02-38-10,1636252690,15.192699670791626,19236,LAPTOP-HOHBRLK7,10.249.178.82,15.192699670791626,0,100,"188_alpha=0.2,episodes=3000,epsilon=0.3,initial_q_value=0,version=Sarsa",10,20,<built-in function max>,300,30,3000,0.3,0.2,0,Sarsa
6142c_00189,4.123333333333333,0.15297532081604004,True,,,100,d5206ffb886f4c648e2e063529b2643a,2021-11-07_02-38-25,1636252705,14.984837770462036,19236,LAPTOP-HOHBRLK7,10.249.178.82,14.984837770462036,0,100,"189_alpha=0.4,episodes=3000,epsilon=0.3,initial_q_value=0,version=Sarsa",10,20,<built-in function max>,300,30,3000,0.3,0.4,0,Sarsa
6142c_00190,4.296666666666667,0.14801025390625,True,,,100,cd5d169da15f4baabb3f795261df8ee8,2021-11-07_02-38-41,1636252721,15.194143533706665,19236,LAPTOP-HOHBRLK7,10.249.178.82,15.194143533706665,0,100,"190_alpha=0.6,episodes=3000,epsilon=0.3,initial_q_value=0,version=Sarsa",10,20,<built-in function max>,300,30,3000,0.3,0.6,0,Sarsa
6142c_00191,3.966666666666667,0.14699983596801758,True,,,100,c3d49736d39348f197b45523c3045815,2021-11-07_02-38-56,1636252736,14.900821208953857,19236,LAPTOP-HOHBRLK7,10.249.178.82,14.900821208953857,0,100,"191_alpha=0.8,episodes=3000,epsilon=0.3,initial_q_value=0,version=Sarsa",10,20,<built-in function max>,300,30,3000,0.3,0.8,0,Sarsa
6142c_00192,3.91,0.00699925422668457,True,,,1,912a824f0faf42be80e530cfc1c9c5d3,2021-11-07_02-38-56,1636252736,0.00699925422668457,19236,LAPTOP-HOHBRLK7,10.249.178.82,0.00699925422668457,0,1,"192_alpha=0.2,episodes=30,epsilon=0,initial_q_value=21,version=Sarsa",10,20,<built-in function max>,300,30,30,0.0,0.2,21,Sarsa
6142c_00193,3.8966666666666665,0.008005380630493164,True,,,1,de57160a6d3c44cb9efc28c9d8da8603,2021-11-07_02-38-56,1636252736,0.008005380630493164,19236,LAPTOP-HOHBRLK7,10.249.178.82,0.008005380630493164,0,1,"193_alpha=0.4,episodes=30,epsilon=0,initial_q_value=21,version=Sarsa",10,20,<built-in function max>,300,30,30,0.0,0.4,21,Sarsa
6142c_00194,3.92,0.007006406784057617,True,,,1,a88396a55f194f8e8b970b0711279b11,2021-11-07_02-38-56,1636252736,0.007006406784057617,19236,LAPTOP-HOHBRLK7,10.249.178.82,0.007006406784057617,0,1,"194_alpha=0.6,episodes=30,epsilon=0,initial_q_value=21,version=Sarsa",10,20,<built-in function max>,300,30,30,0.0,0.6,21,Sarsa
6142c_00195,3.9966666666666666,0.008008718490600586,True,,,1,5f0ad5897e7b4e33a06f0925a0ba0e2e,2021-11-07_02-38-57,1636252737,0.008008718490600586,19236,LAPTOP-HOHBRLK7,10.249.178.82,0.008008718490600586,0,1,"195_alpha=0.8,episodes=30,epsilon=0,initial_q_value=21,version=Sarsa",10,20,<built-in function max>,300,30,30,0.0,0.8,21,Sarsa
6142c_00196,3.933333333333333,0.20964956283569336,True,,,10,597c96891d324f6fa0f9f63beb12fe1f,2021-11-07_02-38-59,1636252739,1.9345836639404297,19236,LAPTOP-HOHBRLK7,10.249.178.82,1.9345836639404297,0,10,"196_alpha=0.2,episodes=300,epsilon=0,initial_q_value=21,version=Sarsa",10,20,<built-in function max>,300,30,300,0.0,0.2,21,Sarsa
6142c_00197,3.89,0.20898866653442383,True,,,10,3f45c152f2d44a79b825949ffa9fb3f6,2021-11-07_02-39-01,1636252741,1.927217721939087,19236,LAPTOP-HOHBRLK7,10.249.178.82,1.927217721939087,0,10,"197_alpha=0.4,episodes=300,epsilon=0,initial_q_value=21,version=Sarsa",10,20,<built-in function max>,300,30,300,0.0,0.4,21,Sarsa
6142c_00198,3.92,0.20995402336120605,True,,,10,663ce34854904b70a24372e3eed8e9a5,2021-11-07_02-39-03,1636252743,1.923410415649414,19236,LAPTOP-HOHBRLK7,10.249.178.82,1.923410415649414,0,10,"198_alpha=0.6,episodes=300,epsilon=0,initial_q_value=21,version=Sarsa",10,20,<built-in function max>,300,30,300,0.0,0.6,21,Sarsa
6142c_00199,3.9466666666666668,0.2703514099121094,True,,,10,24d43a10d4fc40b7b203bee6d7430394,2021-11-07_02-39-05,1636252745,1.9876923561096191,19236,LAPTOP-HOHBRLK7,10.249.178.82,1.9876923561096191,0,10,"199_alpha=0.8,episodes=300,epsilon=0,initial_q_value=21,version=Sarsa",10,20,<built-in function max>,300,30,300,0.0,0.8,21,Sarsa
6142c_00200,3.8866666666666667,0.20804595947265625,True,,,25,8c063a3f943240d68908f150d9f71034,2021-11-07_02-39-11,1636252751,5.11355185508728,19236,LAPTOP-HOHBRLK7,10.249.178.82,5.11355185508728,0,25,"200_alpha=0.2,episodes=750,epsilon=0,initial_q_value=21,version=Sarsa",10,20,<built-in function max>,300,30,750,0.0,0.2,21,Sarsa
6142c_00201,3.96,0.2088766098022461,True,,,25,55a88c430a4f4a4386e61edf91e9a8ff,2021-11-07_02-39-16,1636252756,5.128803253173828,19236,LAPTOP-HOHBRLK7,10.249.178.82,5.128803253173828,0,25,"201_alpha=0.4,episodes=750,epsilon=0,initial_q_value=21,version=Sarsa",10,20,<built-in function max>,300,30,750,0.0,0.4,21,Sarsa
6142c_00202,3.8666666666666667,0.21000456809997559,True,,,25,bb4f06969b804436beb601f57d72970d,2021-11-07_02-39-21,1636252761,5.093338966369629,19236,LAPTOP-HOHBRLK7,10.249.178.82,5.093338966369629,0,25,"202_alpha=0.6,episodes=750,epsilon=0,initial_q_value=21,version=Sarsa",10,20,<built-in function max>,300,30,750,0.0,0.6,21,Sarsa
6142c_00203,3.91,0.21102166175842285,True,,,25,c21dad1a2764451db0bdfa71cc43973c,2021-11-07_02-39-27,1636252767,5.134443521499634,19236,LAPTOP-HOHBRLK7,10.249.178.82,5.134443521499634,0,25,"203_alpha=0.8,episodes=750,epsilon=0,initial_q_value=21,version=Sarsa",10,20,<built-in function max>,300,30,750,0.0,0.8,21,Sarsa
6142c_00204,3.91,0.2659587860107422,True,,,100,4faf09f160a74e27a47cead6b35eb68c,2021-11-07_02-39-49,1636252789,21.884111881256104,19236,LAPTOP-HOHBRLK7,10.249.178.82,21.884111881256104,0,100,"204_alpha=0.2,episodes=3000,epsilon=0,initial_q_value=21,version=Sarsa",10,20,<built-in function max>,300,30,3000,0.0,0.2,21,Sarsa
6142c_00205,3.9233333333333333,0.2090015411376953,True,,,100,bf9615e590264317b681b4e1783e5a92,2021-11-07_02-40-10,1636252810,21.019813060760498,19236,LAPTOP-HOHBRLK7,10.249.178.82,21.019813060760498,0,100,"205_alpha=0.4,episodes=3000,epsilon=0,initial_q_value=21,version=Sarsa",10,20,<built-in function max>,300,30,3000,0.0,0.4,21,Sarsa
6142c_00206,3.986666666666667,0.22773170471191406,True,,,100,d3ef944e9b8d4477ace2350636114d4d,2021-11-07_02-40-32,1636252832,21.266291856765747,19236,LAPTOP-HOHBRLK7,10.249.178.82,21.266291856765747,0,100,"206_alpha=0.6,episodes=3000,epsilon=0,initial_q_value=21,version=Sarsa",10,20,<built-in function max>,300,30,3000,0.0,0.6,21,Sarsa
6142c_00207,3.93,0.21124720573425293,True,,,100,715f89c4737f4a4eb624943b5912b5d0,2021-11-07_02-40-53,1636252853,21.014429807662964,19236,LAPTOP-HOHBRLK7,10.249.178.82,21.014429807662964,0,100,"207_alpha=0.8,episodes=3000,epsilon=0,initial_q_value=21,version=Sarsa",10,20,<built-in function max>,300,30,3000,0.0,0.8,21,Sarsa
6142c_00208,3.84,0.007969856262207031,True,,,1,99ebae9ef0db4725a95ee391e148c8d9,2021-11-07_02-40-53,1636252853,0.007969856262207031,19236,LAPTOP-HOHBRLK7,10.249.178.82,0.007969856262207031,0,1,"208_alpha=0.2,episodes=30,epsilon=0.05,initial_q_value=21,version=Sarsa",10,20,<built-in function max>,300,30,30,0.05,0.2,21,Sarsa
6142c_00209,3.8666666666666667,0.007996320724487305,True,,,1,4c67f799ca1c4e54b3c0ebb8c7310a6b,2021-11-07_02-40-53,1636252853,0.007996320724487305,19236,LAPTOP-HOHBRLK7,10.249.178.82,0.007996320724487305,0,1,"209_alpha=0.4,episodes=30,epsilon=0.05,initial_q_value=21,version=Sarsa",10,20,<built-in function max>,300,30,30,0.05,0.4,21,Sarsa
6142c_00210,3.8533333333333335,0.007002115249633789,True,,,1,3b11f34788ee4e06973a48515c055fb8,2021-11-07_02-40-54,1636252854,0.007002115249633789,19236,LAPTOP-HOHBRLK7,10.249.178.82,0.007002115249633789,0,1,"210_alpha=0.6,episodes=30,epsilon=0.05,initial_q_value=21,version=Sarsa",10,20,<built-in function max>,300,30,30,0.05,0.6,21,Sarsa
6142c_00211,3.9233333333333333,0.007598876953125,True,,,1,8b8505e02aa1413bb3fcd9a6a11a3419,2021-11-07_02-40-54,1636252854,0.007598876953125,19236,LAPTOP-HOHBRLK7,10.249.178.82,0.007598876953125,0,1,"211_alpha=0.8,episodes=30,epsilon=0.05,initial_q_value=21,version=Sarsa",10,20,<built-in function max>,300,30,30,0.05,0.8,21,Sarsa
6142c_00212,4.006666666666667,0.1939563751220703,True,,,10,a79a45cedf7a4bf9a39895b4cd695035,2021-11-07_02-40-56,1636252856,1.788933515548706,19236,LAPTOP-HOHBRLK7,10.249.178.82,1.788933515548706,0,10,"212_alpha=0.2,episodes=300,epsilon=0.05,initial_q_value=21,version=Sarsa",10,20,<built-in function max>,300,30,300,0.05,0.2,21,Sarsa
6142c_00213,4.096666666666667,0.15599966049194336,True,,,10,d29792b6bb6545009e1eabe379e79ca1,2021-11-07_02-40-58,1636252858,1.6351420879364014,19236,LAPTOP-HOHBRLK7,10.249.178.82,1.6351420879364014,0,10,"213_alpha=0.4,episodes=300,epsilon=0.05,initial_q_value=21,version=Sarsa",10,20,<built-in function max>,300,30,300,0.05,0.4,21,Sarsa
6142c_00214,4.193333333333333,0.15001320838928223,True,,,10,3ae530d837a049b88b892b5ad614acfa,2021-11-07_02-40-59,1636252859,1.5010247230529785,19236,LAPTOP-HOHBRLK7,10.249.178.82,1.5010247230529785,0,10,"214_alpha=0.6,episodes=300,epsilon=0.05,initial_q_value=21,version=Sarsa",10,20,<built-in function max>,300,30,300,0.05,0.6,21,Sarsa
6142c_00215,4.113333333333333,0.1439988613128662,True,,,10,ddb3496bdf29406fb189a56755e8d37a,2021-11-07_02-41-01,1636252861,1.5180437564849854,19236,LAPTOP-HOHBRLK7,10.249.178.82,1.5180437564849854,0,10,"215_alpha=0.8,episodes=300,epsilon=0.05,initial_q_value=21,version=Sarsa",10,20,<built-in function max>,300,30,300,0.05,0.8,21,Sarsa
6142c_00216,4.1466666666666665,0.18304109573364258,True,,,25,1c4e4ff2128b4b00ab79de095a66553f,2021-11-07_02-41-05,1636252865,4.384157180786133,19236,LAPTOP-HOHBRLK7,10.249.178.82,4.384157180786133,0,25,"216_alpha=0.2,episodes=750,epsilon=0.05,initial_q_value=21,version=Sarsa",10,20,<built-in function max>,300,30,750,0.05,0.2,21,Sarsa
6142c_00217,4.266666666666667,0.14999103546142578,True,,,25,29f978e0ca6e4740b540a4987271ccc7,2021-11-07_02-41-10,1636252870,4.180055379867554,19236,LAPTOP-HOHBRLK7,10.249.178.82,4.180055379867554,0,25,"217_alpha=0.4,episodes=750,epsilon=0.05,initial_q_value=21,version=Sarsa",10,20,<built-in function max>,300,30,750,0.05,0.4,21,Sarsa
6142c_00218,4.02,0.15599989891052246,True,,,25,b4f94416570448cead62883401102492,2021-11-07_02-41-14,1636252874,3.796880006790161,19236,LAPTOP-HOHBRLK7,10.249.178.82,3.796880006790161,0,25,"218_alpha=0.6,episodes=750,epsilon=0.05,initial_q_value=21,version=Sarsa",10,20,<built-in function max>,300,30,750,0.05,0.6,21,Sarsa
6142c_00219,4.4,0.14700889587402344,True,,,25,46ed3d11088847f2bc882946a8449539,2021-11-07_02-41-18,1636252878,3.756147623062134,19236,LAPTOP-HOHBRLK7,10.249.178.82,3.756147623062134,0,25,"219_alpha=0.8,episodes=750,epsilon=0.05,initial_q_value=21,version=Sarsa",10,20,<built-in function max>,300,30,750,0.05,0.8,21,Sarsa
6142c_00220,4.133333333333334,0.15600109100341797,True,,,100,ca5168c5c9034f828c9a0a45fecd4331,2021-11-07_02-41-35,1636252895,17.27342391014099,19236,LAPTOP-HOHBRLK7,10.249.178.82,17.27342391014099,0,100,"220_alpha=0.2,episodes=3000,epsilon=0.05,initial_q_value=21,version=Sarsa",10,20,<built-in function max>,300,30,3000,0.05,0.2,21,Sarsa
6142c_00221,4.166666666666667,0.14499306678771973,True,,,100,1b84c929786a406f96d6e1c75cb575dd,2021-11-07_02-41-51,1636252911,15.504867792129517,19236,LAPTOP-HOHBRLK7,10.249.178.82,15.504867792129517,0,100,"221_alpha=0.4,episodes=3000,epsilon=0.05,initial_q_value=21,version=Sarsa",10,20,<built-in function max>,300,30,3000,0.05,0.4,21,Sarsa
6142c_00222,4.28,0.16899967193603516,True,,,100,6daf68455d8348c7ac0a75bfbd230122,2021-11-07_02-42-06,1636252926,15.133610248565674,19236,LAPTOP-HOHBRLK7,10.249.178.82,15.133610248565674,0,100,"222_alpha=0.6,episodes=3000,epsilon=0.05,initial_q_value=21,version=Sarsa",10,20,<built-in function max>,300,30,3000,0.05,0.6,21,Sarsa
6142c_00223,4.283333333333333,0.1466197967529297,True,,,100,e08442602a364336987a8d355ad41e7e,2021-11-07_02-42-21,1636252941,14.81870985031128,19236,LAPTOP-HOHBRLK7,10.249.178.82,14.81870985031128,0,100,"223_alpha=0.8,episodes=3000,epsilon=0.05,initial_q_value=21,version=Sarsa",10,20,<built-in function max>,300,30,3000,0.05,0.8,21,Sarsa
6142c_00224,3.9366666666666665,0.00701141357421875,True,,,1,3c49a2b6ea6c4e22b6b2fae20ee24896,2021-11-07_02-42-21,1636252941,0.00701141357421875,19236,LAPTOP-HOHBRLK7,10.249.178.82,0.00701141357421875,0,1,"224_alpha=0.2,episodes=30,epsilon=0.1,initial_q_value=21,version=Sarsa",10,20,<built-in function max>,300,30,30,0.1,0.2,21,Sarsa
6142c_00225,3.9233333333333333,0.007969856262207031,True,,,1,2abdeeb096694433a137645d52685bc7,2021-11-07_02-42-21,1636252941,0.007969856262207031,19236,LAPTOP-HOHBRLK7,10.249.178.82,0.007969856262207031,0,1,"225_alpha=0.4,episodes=30,epsilon=0.1,initial_q_value=21,version=Sarsa",10,20,<built-in function max>,300,30,30,0.1,0.4,21,Sarsa
6142c_00226,3.9133333333333336,0.007032871246337891,True,,,1,fac38e78a7e045d58cce489ebad3c5b3,2021-11-07_02-42-22,1636252942,0.007032871246337891,19236,LAPTOP-HOHBRLK7,10.249.178.82,0.007032871246337891,0,1,"226_alpha=0.6,episodes=30,epsilon=0.1,initial_q_value=21,version=Sarsa",10,20,<built-in function max>,300,30,30,0.1,0.6,21,Sarsa
6142c_00227,3.9233333333333333,0.007998943328857422,True,,,1,029dfb05cc9a4658beb41a304db8f531,2021-11-07_02-42-22,1636252942,0.007998943328857422,19236,LAPTOP-HOHBRLK7,10.249.178.82,0.007998943328857422,0,1,"227_alpha=0.8,episodes=30,epsilon=0.1,initial_q_value=21,version=Sarsa",10,20,<built-in function max>,300,30,30,0.1,0.8,21,Sarsa
6142c_00228,4.093333333333334,0.17103981971740723,True,,,10,248164d6fbbc4367822213f764737299,2021-11-07_02-42-24,1636252944,1.6720387935638428,19236,LAPTOP-HOHBRLK7,10.249.178.82,1.6720387935638428,0,10,"228_alpha=0.2,episodes=300,epsilon=0.1,initial_q_value=21,version=Sarsa",10,20,<built-in function max>,300,30,300,0.1,0.2,21,Sarsa
6142c_00229,4.323333333333333,0.14796686172485352,True,,,10,8be7047fff074d8cb3ed54596681dfe5,2021-11-07_02-42-26,1636252946,1.533928632736206,19236,LAPTOP-HOHBRLK7,10.249.178.82,1.533928632736206,0,10,"229_alpha=0.4,episodes=300,epsilon=0.1,initial_q_value=21,version=Sarsa",10,20,<built-in function max>,300,30,300,0.1,0.4,21,Sarsa
6142c_00230,4.043333333333333,0.1730024814605713,True,,,10,2cefa6c4fb4a49ecb31872489ab0e5c1,2021-11-07_02-42-27,1636252947,1.442460060119629,19236,LAPTOP-HOHBRLK7,10.249.178.82,1.442460060119629,0,10,"230_alpha=0.6,episodes=300,epsilon=0.1,initial_q_value=21,version=Sarsa",10,20,<built-in function max>,300,30,300,0.1,0.6,21,Sarsa
6142c_00231,4.136666666666667,0.14859461784362793,True,,,10,dab0d81c850f4fe2945320e6b396dc84,2021-11-07_02-42-29,1636252949,1.5149543285369873,19236,LAPTOP-HOHBRLK7,10.249.178.82,1.5149543285369873,0,10,"231_alpha=0.8,episodes=300,epsilon=0.1,initial_q_value=21,version=Sarsa",10,20,<built-in function max>,300,30,300,0.1,0.8,21,Sarsa
6142c_00232,4.133333333333334,0.15851902961730957,True,,,25,48ac8100a091445e9ebbc49799559eff,2021-11-07_02-42-33,1636252953,4.282780647277832,19236,LAPTOP-HOHBRLK7,10.249.178.82,4.282780647277832,0,25,"232_alpha=0.2,episodes=750,epsilon=0.1,initial_q_value=21,version=Sarsa",10,20,<built-in function max>,300,30,750,0.1,0.2,21,Sarsa
6142c_00233,4.256666666666667,0.14799737930297852,True,,,25,0b0aaa1e0f7c4272b3f202e0477b56d3,2021-11-07_02-42-37,1636252957,3.6480414867401123,19236,LAPTOP-HOHBRLK7,10.249.178.82,3.6480414867401123,0,25,"233_alpha=0.4,episodes=750,epsilon=0.1,initial_q_value=21,version=Sarsa",10,20,<built-in function max>,300,30,750,0.1,0.4,21,Sarsa
6142c_00234,4.13,0.14715909957885742,True,,,25,00fe0cf0262949a097cd6f2b2b196511,2021-11-07_02-42-41,1636252961,3.751558780670166,19236,LAPTOP-HOHBRLK7,10.249.178.82,3.751558780670166,0,25,"234_alpha=0.6,episodes=750,epsilon=0.1,initial_q_value=21,version=Sarsa",10,20,<built-in function max>,300,30,750,0.1,0.6,21,Sarsa
6142c_00235,4.27,0.1490001678466797,True,,,25,07efdb3478df41cdb8265ff65d861319,2021-11-07_02-42-45,1636252965,3.6401124000549316,19236,LAPTOP-HOHBRLK7,10.249.178.82,3.6401124000549316,0,25,"235_alpha=0.8,episodes=750,epsilon=0.1,initial_q_value=21,version=Sarsa",10,20,<built-in function max>,300,30,750,0.1,0.8,21,Sarsa
6142c_00236,4.196666666666666,0.1448376178741455,True,,,100,bc913095d63e400d859b0b9bf4955865,2021-11-07_02-43-01,1636252981,15.917565107345581,19236,LAPTOP-HOHBRLK7,10.249.178.82,15.917565107345581,0,100,"236_alpha=0.2,episodes=3000,epsilon=0.1,initial_q_value=21,version=Sarsa",10,20,<built-in function max>,300,30,3000,0.1,0.2,21,Sarsa
6142c_00237,4.296666666666667,0.14598917961120605,True,,,100,4ebaf2474463454982d3b53c86a78e88,2021-11-07_02-43-16,1636252996,14.914114475250244,19236,LAPTOP-HOHBRLK7,10.249.178.82,14.914114475250244,0,100,"237_alpha=0.4,episodes=3000,epsilon=0.1,initial_q_value=21,version=Sarsa",10,20,<built-in function max>,300,30,3000,0.1,0.4,21,Sarsa
6142c_00238,4.233333333333333,0.14899826049804688,True,,,100,1e2fb8a1817a45eeb6e5c3fe43540f9e,2021-11-07_02-43-31,1636253011,15.27877926826477,19236,LAPTOP-HOHBRLK7,10.249.178.82,15.27877926826477,0,100,"238_alpha=0.6,episodes=3000,epsilon=0.1,initial_q_value=21,version=Sarsa",10,20,<built-in function max>,300,30,3000,0.1,0.6,21,Sarsa
6142c_00239,4.04,0.1470201015472412,True,,,100,6cd42bf8284442438c0ee7754d4399aa,2021-11-07_02-43-46,1636253026,14.763688325881958,19236,LAPTOP-HOHBRLK7,10.249.178.82,14.763688325881958,0,100,"239_alpha=0.8,episodes=3000,epsilon=0.1,initial_q_value=21,version=Sarsa",10,20,<built-in function max>,300,30,3000,0.1,0.8,21,Sarsa
6142c_00240,3.966666666666667,0.007025480270385742,True,,,1,34b8d3c8119a42c490d774456bc4479a,2021-11-07_02-43-47,1636253027,0.007025480270385742,19236,LAPTOP-HOHBRLK7,10.249.178.82,0.007025480270385742,0,1,"240_alpha=0.2,episodes=30,epsilon=0.3,initial_q_value=21,version=Sarsa",10,20,<built-in function max>,300,30,30,0.3,0.2,21,Sarsa
6142c_00241,3.8066666666666666,0.006999969482421875,True,,,1,6a120f55299c4308a2ca47777e141942,2021-11-07_02-43-47,1636253027,0.006999969482421875,19236,LAPTOP-HOHBRLK7,10.249.178.82,0.006999969482421875,0,1,"241_alpha=0.4,episodes=30,epsilon=0.3,initial_q_value=21,version=Sarsa",10,20,<built-in function max>,300,30,30,0.3,0.4,21,Sarsa
6142c_00242,3.9366666666666665,0.006999969482421875,True,,,1,b23df0886308493ebf60452d2fa6a71d,2021-11-07_02-43-47,1636253027,0.006999969482421875,19236,LAPTOP-HOHBRLK7,10.249.178.82,0.006999969482421875,0,1,"242_alpha=0.6,episodes=30,epsilon=0.3,initial_q_value=21,version=Sarsa",10,20,<built-in function max>,300,30,30,0.3,0.6,21,Sarsa
6142c_00243,3.966666666666667,0.007027864456176758,True,,,1,cffd0462c05946958baf55fd54f28963,2021-11-07_02-43-47,1636253027,0.007027864456176758,19236,LAPTOP-HOHBRLK7,10.249.178.82,0.007027864456176758,0,1,"243_alpha=0.8,episodes=30,epsilon=0.3,initial_q_value=21,version=Sarsa",10,20,<built-in function max>,300,30,30,0.3,0.8,21,Sarsa
6142c_00244,4.163333333333333,0.16049933433532715,True,,,10,a945cfb608554709993b8d9d46125c28,2021-11-07_02-43-49,1636253029,1.5268211364746094,19236,LAPTOP-HOHBRLK7,10.249.178.82,1.5268211364746094,0,10,"244_alpha=0.2,episodes=300,epsilon=0.3,initial_q_value=21,version=Sarsa",10,20,<built-in function max>,300,30,300,0.3,0.2,21,Sarsa
6142c_00245,4.11,0.1580042839050293,True,,,10,3130229853ca4f308a2d0b624766e174,2021-11-07_02-43-51,1636253031,1.4319703578948975,19236,LAPTOP-HOHBRLK7,10.249.178.82,1.4319703578948975,0,10,"245_alpha=0.4,episodes=300,epsilon=0.3,initial_q_value=21,version=Sarsa",10,20,<built-in function max>,300,30,300,0.3,0.4,21,Sarsa
6142c_00246,4.21,0.14450931549072266,True,,,10,2c5338451cd6447c8542540e495038be,2021-11-07_02-43-52,1636253032,1.4043240547180176,19236,LAPTOP-HOHBRLK7,10.249.178.82,1.4043240547180176,0,10,"246_alpha=0.6,episodes=300,epsilon=0.3,initial_q_value=21,version=Sarsa",10,20,<built-in function max>,300,30,300,0.3,0.6,21,Sarsa
6142c_00247,3.87,0.150040864944458,True,,,10,f5e3f3f341d14362b4dc0078642fba11,2021-11-07_02-43-54,1636253034,1.3786265850067139,19236,LAPTOP-HOHBRLK7,10.249.178.82,1.3786265850067139,0,10,"247_alpha=0.8,episodes=300,epsilon=0.3,initial_q_value=21,version=Sarsa",10,20,<built-in function max>,300,30,300,0.3,0.8,21,Sarsa
6142c_00248,4.03,0.1529994010925293,True,,,25,3961abbbb75f455ebd17a00c3a1d5a71,2021-11-07_02-43-58,1636253038,3.685302495956421,19236,LAPTOP-HOHBRLK7,10.249.178.82,3.685302495956421,0,25,"248_alpha=0.2,episodes=750,epsilon=0.3,initial_q_value=21,version=Sarsa",10,20,<built-in function max>,300,30,750,0.3,0.2,21,Sarsa
6142c_00249,4.11,0.15300321578979492,True,,,25,6e59ee95b27543a4a5366ddb006dcaba,2021-11-07_02-44-01,1636253041,3.7394144535064697,19236,LAPTOP-HOHBRLK7,10.249.178.82,3.7394144535064697,0,25,"249_alpha=0.4,episodes=750,epsilon=0.3,initial_q_value=21,version=Sarsa",10,20,<built-in function max>,300,30,750,0.3,0.4,21,Sarsa
6142c_00250,4.166666666666667,0.1430072784423828,True,,,25,465f5c80e7384a319c2be0ca77ce1010,2021-11-07_02-44-05,1636253045,3.644973039627075,19236,LAPTOP-HOHBRLK7,10.249.178.82,3.644973039627075,0,25,"250_alpha=0.6,episodes=750,epsilon=0.3,initial_q_value=21,version=Sarsa",10,20,<built-in function max>,300,30,750,0.3,0.6,21,Sarsa
6142c_00251,4.09,0.14795637130737305,True,,,25,e82e928688e546c4962d6bb9396bc29a,2021-11-07_02-44-09,1636253049,3.6433627605438232,19236,LAPTOP-HOHBRLK7,10.249.178.82,3.6433627605438232,0,25,"251_alpha=0.8,episodes=750,epsilon=0.3,initial_q_value=21,version=Sarsa",10,20,<built-in function max>,300,30,750,0.3,0.8,21,Sarsa
6142c_00252,4.033333333333333,0.15399980545043945,True,,,100,54979b94d80141c8ac2923a3004bb24d,2021-11-07_02-44-25,1636253065,15.506755352020264,19236,LAPTOP-HOHBRLK7,10.249.178.82,15.506755352020264,0,100,"252_alpha=0.2,episodes=3000,epsilon=0.3,initial_q_value=21,version=Sarsa",10,20,<built-in function max>,300,30,3000,0.3,0.2,21,Sarsa
6142c_00253,3.94,0.20120620727539062,True,,,100,9a4bd7a46e1240d5a64cc9b1209f413a,2021-11-07_02-44-40,1636253080,14.84078073501587,19236,LAPTOP-HOHBRLK7,10.249.178.82,14.84078073501587,0,100,"253_alpha=0.4,episodes=3000,epsilon=0.3,initial_q_value=21,version=Sarsa",10,20,<built-in function max>,300,30,3000,0.3,0.4,21,Sarsa
6142c_00254,4.1433333333333335,0.1510014533996582,True,,,100,7434642d5d71411aa47ef15e55096c6e,2021-11-07_02-44-55,1636253095,15.121803998947144,19236,LAPTOP-HOHBRLK7,10.249.178.82,15.121803998947144,0,100,"254_alpha=0.6,episodes=3000,epsilon=0.3,initial_q_value=21,version=Sarsa",10,20,<built-in function max>,300,30,3000,0.3,0.6,21,Sarsa
6142c_00255,4.32,0.14499711990356445,True,,,100,83f41b7d776948d2b6227db1aa7ac989,2021-11-07_02-45-10,1636253110,14.81399416923523,19236,LAPTOP-HOHBRLK7,10.249.178.82,14.81399416923523,0,100,"255_alpha=0.8,episodes=3000,epsilon=0.3,initial_q_value=21,version=Sarsa",10,20,<built-in function max>,300,30,3000,0.3,0.8,21,Sarsa
